matricula,nombre,apellido,edad,genero,carrera,cuatrimestre,promedio
A00000,José,López,27,F,Derecho,5,9.2
A00001,María,Hernández,18,M,Ingeniería,3,9.04
A00002,Miguel,Martínez,29,F,Ingeniería,6,7.18
A00003,Laura,Ramírez,26,F,Medicina,7,8.59
A00004,Laura,Torres,18,M,Arquitectura,3,9.29
A00005,Ana,González,24,M,Derecho,1,8.59
A00006,María,Hernández,20,F,Medicina,1,6.14
A00007,José,García,24,M,Derecho,3,7.06
A00008,Luis,Torres,24,M,Derecho,2,8.29
A00009,Carlos,Martínez,25,M,Arquitectura,2,6.16
A00010,Miguel,Torres,18,F,Ingeniería,8,9.16
A00011,Miguel,López,29,F,Economía,7,8.52
A00012,Sofía,García,18,M,Arquitectura,4,9.38
A00013,Carlos,Torres,27,F,Medicina,7,8.59
A00014,Sofía,Martínez,25,F,Medicina,5,9.91
A00015,José,Pérez,25,F,Arquitectura,7,8.32
A00016,Laura,Ramírez,27,F,Medicina,1,8.33
A00017,Sofía,Ramírez,22,M,Ingeniería,4,7.9
A00018,Sofía,García,22,M,Derecho,9,8.45
A00019,Laura,López,28,F,Derecho,3,9.29
A00020,José,García,23,F,Ingeniería,4,6.04
A00021,Luis,Ramírez,26,F,Psicología,4,6.53
A00022,Ana,González,20,M,Psicología,9,7.71
A00023,Laura,López,20,M,Psicología,9,8.29
A00024,Ana,Torres,25,F,Psicología,2,7.29
A00025,María,Ramírez,29,F,Medicina,4,6.03
A00026,María,Martínez,25,F,Derecho,3,8.01
A00027,Carlos,Hernández,26,F,Ingeniería,4,9.16
A00028,Miguel,González,29,M,Psicología,1,9.4
A00029,Ana,González,25,F,Ingeniería,8,7.22
A00030,Ana,Pérez,20,F,Medicina,1,9.23
A00031,Carlos,Martínez,18,F,Economía,2,7.07
A00032,Laura,Pérez,29,M,Medicina,8,7.51
A00033,Carlos,López,24,F,Derecho,6,8.68
A00034,Sofía,Martínez,18,F,Medicina,7,7.17
A00035,María,Hernández,26,M,Ingeniería,9,7.6
A00036,Miguel,García,24,M,Arquitectura,5,7.33
A00037,Miguel,González,27,F,Ingeniería,3,7.16
A00038,Sofía,González,29,F,Psicología,2,9.77
A00039,Miguel,López,25,M,Psicología,6,9.15
A00040,Sofía,Ramírez,29,F,Medicina,5,8.16
A00041,Carlos,González,19,M,Economía,8,8.2
A00042,Miguel,Hernández,24,M,Medicina,9,9.99
A00043,Carlos,Hernández,19,M,Economía,8,7.41
A00044,Laura,Pérez,25,F,Derecho,3,8.03
A00045,Luis,Ramírez,19,M,Ingeniería,5,8.1
A00046,Luis,García,26,M,Derecho,2,9.45
A00047,María,López,26,M,Medicina,2,9.89
A00048,Ana,Martínez,26,F,Psicología,6,7.1
A00049,Carlos,Pérez,18,F,Psicología,1,7.39
A00050,Miguel,Ramírez,25,F,Psicología,2,9.41
A00051,Miguel,Martínez,22,M,Derecho,7,7.49
A00052,Carlos,Martínez,20,M,Economía,7,8.35
A00053,Carlos,Pérez,25,M,Ingeniería,5,8.66
A00054,Ana,Ramírez,27,F,Ingeniería,8,8.59
A00055,Carlos,González,25,M,Derecho,8,6.58
A00056,Miguel,López,21,M,Ingeniería,7,8.63
A00057,José,García,24,M,Economía,7,7.39
A00058,Carlos,García,25,M,Ingeniería,4,6.42
A00059,María,Ramírez,27,F,Medicina,7,9.97
A00060,Miguel,García,22,M,Medicina,4,7.28
A00061,Sofía,González,29,F,Economía,7,8.78
A00062,Miguel,García,26,M,Economía,6,8.95
A00063,Sofía,López,28,M,Arquitectura,7,8.97
A00064,Sofía,González,21,M,Arquitectura,5,8.0
A00065,Sofía,López,18,F,Economía,5,6.26
A00066,Sofía,Martínez,21,M,Psicología,4,7.73
A00067,María,López,26,M,Derecho,6,7.45
A00068,María,López,26,F,Ingeniería,5,7.53
A00069,María,González,18,M,Ingeniería,9,6.15
A00070,Luis,López,27,M,Arquitectura,1,8.1
A00071,José,Torres,23,M,Arquitectura,9,8.66
A00072,José,García,27,F,Medicina,5,9.94
A00073,María,García,25,F,Economía,8,7.33
A00074,Laura,García,19,F,Arquitectura,1,7.98
A00075,Laura,Pérez,22,M,Medicina,6,7.18
A00076,José,Torres,23,F,Psicología,1,7.61
A00077,Sofía,López,18,F,Arquitectura,3,7.15
A00078,Luis,Ramírez,23,F,Arquitectura,7,8.03
A00079,Miguel,González,21,M,Arquitectura,6,7.89
A00080,Luis,González,26,M,Arquitectura,6,9.34
A00081,José,Martínez,26,F,Derecho,1,6.03
A00082,Sofía,Martínez,27,F,Psicología,4,6.82
A00083,Laura,Pérez,24,F,Ingeniería,4,7.21
A00084,María,González,26,M,Economía,7,7.34
A00085,Ana,Pérez,29,F,Medicina,4,8.53
A00086,Luis,González,25,M,Arquitectura,5,7.88
A00087,Carlos,González,28,F,Ingeniería,1,8.62
A00088,Sofía,García,18,F,Psicología,9,8.89
A00089,Luis,Martínez,25,M,Medicina,6,8.89
A00090,Laura,Martínez,18,F,Derecho,6,8.6
A00091,Carlos,González,21,M,Medicina,4,7.29
A00092,Laura,Hernández,27,F,Psicología,7,6.33
A00093,Luis,Martínez,19,F,Medicina,8,8.09
A00094,Luis,Torres,23,M,Psicología,7,9.19
A00095,Ana,Hernández,28,M,Derecho,9,6.41
A00096,Luis,Pérez,20,F,Psicología,6,9.14
A00097,Laura,López,18,F,Arquitectura,5,7.75
A00098,María,Martínez,27,M,Derecho,1,8.64
A00099,María,Torres,29,F,Economía,2,6.91
A00100,Laura,Hernández,18,F,Derecho,2,6.68
A00101,José,Ramírez,19,M,Arquitectura,7,6.65
A00102,Laura,López,21,M,Ingeniería,4,8.42
A00103,Sofía,Pérez,29,F,Economía,4,9.45
A00104,Miguel,García,18,M,Economía,1,9.47
A00105,Carlos,Hernández,22,M,Ingeniería,6,6.56
A00106,Ana,Pérez,20,M,Arquitectura,4,6.78
A00107,María,Torres,21,F,Psicología,4,8.23
A00108,María,Martínez,29,F,Ingeniería,3,9.0
A00109,Luis,Hernández,27,M,Economía,2,9.75
A00110,Laura,López,26,M,Medicina,1,9.49
A00111,Luis,González,29,F,Economía,1,8.34
A00112,Ana,Ramírez,23,F,Psicología,4,9.82
A00113,Luis,Torres,27,F,Arquitectura,3,7.34
A00114,María,Torres,28,F,Arquitectura,5,9.72
A00115,Carlos,Torres,25,F,Derecho,2,6.04
A00116,José,González,27,F,Ingeniería,3,6.43
A00117,Miguel,García,26,M,Ingeniería,5,7.17
A00118,Sofía,Hernández,23,F,Arquitectura,7,7.91
A00119,Luis,González,28,M,Economía,9,9.7
A00120,Miguel,González,25,M,Medicina,1,7.9
A00121,Sofía,Hernández,23,M,Psicología,3,8.78
A00122,María,García,18,M,Arquitectura,5,6.25
A00123,Laura,García,21,F,Economía,3,9.64
A00124,Ana,Pérez,24,F,Psicología,6,9.88
A00125,Ana,Torres,23,F,Economía,3,6.78
A00126,Sofía,González,25,F,Derecho,3,8.37
A00127,Miguel,García,26,F,Arquitectura,7,7.6
A00128,María,López,23,M,Psicología,8,7.15
A00129,Luis,Martínez,24,M,Psicología,6,8.31
A00130,Ana,González,23,F,Economía,9,6.24
A00131,Sofía,Torres,24,F,Economía,3,8.26
A00132,José,Torres,28,M,Psicología,2,9.33
A00133,Sofía,Hernández,21,M,Derecho,6,9.8
A00134,Luis,Pérez,28,M,Psicología,5,8.0
A00135,Laura,González,18,M,Arquitectura,9,8.02
A00136,Luis,López,27,M,Derecho,9,9.34
A00137,Carlos,Martínez,19,M,Economía,9,7.11
A00138,Laura,Ramírez,25,F,Medicina,3,7.53
A00139,Carlos,González,28,M,Ingeniería,5,8.81
A00140,Miguel,García,18,M,Economía,2,9.71
A00141,Luis,Torres,23,F,Medicina,6,6.92
A00142,Sofía,Torres,18,M,Psicología,2,6.19
A00143,Sofía,Ramírez,26,F,Derecho,6,7.13
A00144,Laura,Hernández,21,M,Derecho,3,6.9
A00145,Luis,Hernández,18,F,Psicología,5,8.66
A00146,Luis,López,21,F,Psicología,9,7.19
A00147,María,González,21,M,Derecho,8,8.87
A00148,Sofía,García,26,M,Psicología,5,8.45
A00149,Luis,Pérez,19,M,Medicina,1,7.34
A00150,Luis,Martínez,23,F,Psicología,5,8.34
A00151,José,López,24,M,Ingeniería,5,7.29
A00152,Sofía,López,29,M,Economía,2,9.03
A00153,Ana,González,23,F,Ingeniería,1,7.99
A00154,Laura,Ramírez,18,F,Psicología,8,9.97
A00155,Luis,González,19,M,Arquitectura,9,9.07
A00156,Laura,García,29,F,Psicología,6,6.2
A00157,María,González,18,M,Arquitectura,4,8.48
A00158,Sofía,Torres,25,F,Medicina,3,9.89
A00159,Laura,García,24,M,Arquitectura,8,8.8
A00160,Ana,García,21,F,Derecho,5,8.96
A00161,José,Martínez,27,F,Arquitectura,3,7.48
A00162,Laura,Ramírez,28,M,Psicología,4,9.96
A00163,Ana,Ramírez,24,F,Ingeniería,5,7.18
A00164,Laura,Pérez,26,F,Derecho,1,7.56
A00165,Luis,Hernández,23,F,Economía,3,9.05
A00166,Ana,Martínez,19,F,Medicina,8,9.2
A00167,Miguel,López,18,F,Economía,8,9.38
A00168,Laura,Ramírez,29,F,Medicina,5,6.92
A00169,María,Pérez,20,M,Economía,7,8.21
A00170,María,Ramírez,21,M,Medicina,1,6.58
A00171,Miguel,Torres,20,F,Economía,2,7.23
A00172,José,Ramírez,21,M,Arquitectura,4,9.36
A00173,Laura,Pérez,26,F,Derecho,8,6.48
A00174,Miguel,Pérez,20,F,Economía,8,9.86
A00175,Sofía,Pérez,22,F,Psicología,8,9.9
A00176,Miguel,Martínez,26,M,Ingeniería,6,9.33
A00177,Laura,López,19,F,Derecho,7,7.9
A00178,María,González,27,M,Economía,1,9.89
A00179,Ana,Torres,21,F,Psicología,7,9.98
A00180,José,Martínez,25,M,Ingeniería,5,7.4
A00181,Carlos,González,25,F,Psicología,5,7.68
A00182,Miguel,Martínez,20,F,Medicina,2,7.63
A00183,Sofía,López,24,M,Arquitectura,8,8.31
A00184,Sofía,Torres,29,M,Economía,4,8.87
A00185,Carlos,García,24,F,Ingeniería,2,8.27
A00186,Carlos,González,22,F,Economía,7,9.61
A00187,José,Hernández,27,F,Arquitectura,6,8.05
A00188,María,López,20,M,Economía,4,8.06
A00189,María,Hernández,22,M,Medicina,6,6.51
A00190,Carlos,González,20,M,Ingeniería,2,6.55
A00191,Ana,Ramírez,19,M,Ingeniería,9,9.35
A00192,Sofía,López,29,M,Medicina,4,7.49
A00193,Laura,García,21,F,Economía,8,6.56
A00194,Luis,Pérez,22,F,Derecho,1,6.82
A00195,Laura,Pérez,26,M,Psicología,6,9.98
A00196,Sofía,Ramírez,26,F,Psicología,6,9.63
A00197,Miguel,Pérez,27,M,Ingeniería,5,9.13
A00198,José,Pérez,20,M,Derecho,2,8.65
A00199,Miguel,Ramírez,27,M,Psicología,5,7.31
A00200,María,Martínez,27,M,Arquitectura,1,6.46
A00201,José,Ramírez,26,M,Derecho,9,8.64
A00202,Sofía,Ramírez,24,M,Arquitectura,9,6.81
A00203,Laura,Hernández,29,M,Derecho,6,8.13
A00204,Sofía,García,28,F,Derecho,7,8.15
A00205,Sofía,Pérez,27,F,Economía,5,9.16
A00206,José,Hernández,21,F,Arquitectura,8,7.88
A00207,Sofía,Torres,25,M,Medicina,5,8.33
A00208,José,Torres,19,F,Psicología,1,9.0
A00209,Luis,García,23,F,Derecho,9,7.18
A00210,Sofía,Martínez,29,M,Ingeniería,5,9.85
A00211,Ana,Torres,21,M,Economía,2,9.03
A00212,Sofía,García,29,F,Economía,4,7.8
A00213,Ana,González,28,M,Ingeniería,7,8.29
A00214,José,Ramírez,19,M,Ingeniería,1,9.68
A00215,Carlos,Martínez,25,F,Psicología,8,7.48
A00216,María,Hernández,27,F,Arquitectura,6,6.51
A00217,Carlos,Torres,22,F,Psicología,2,8.98
A00218,Laura,Martínez,29,M,Economía,6,8.39
A00219,Laura,Pérez,22,M,Derecho,3,9.95
A00220,Luis,Pérez,27,F,Ingeniería,7,9.05
A00221,Ana,Martínez,25,M,Derecho,9,6.73
A00222,Miguel,López,26,M,Derecho,1,6.64
A00223,María,Pérez,23,F,Arquitectura,9,9.91
A00224,María,Martínez,27,F,Derecho,6,6.48
A00225,Laura,Torres,26,F,Ingeniería,3,8.02
A00226,Ana,González,19,M,Medicina,6,9.95
A00227,Miguel,García,21,M,Arquitectura,2,6.33
A00228,Miguel,Pérez,23,M,Medicina,6,7.24
A00229,Ana,López,25,F,Arquitectura,8,7.13
A00230,Luis,Martínez,18,M,Economía,1,8.3
A00231,Laura,López,25,M,Derecho,6,9.67
A00232,Luis,Martínez,23,F,Derecho,7,6.13
A00233,Carlos,García,18,M,Economía,4,8.6
A00234,Miguel,Hernández,21,M,Psicología,1,8.89
A00235,Luis,García,26,F,Economía,9,7.33
A00236,Carlos,Pérez,19,F,Ingeniería,7,8.02
A00237,María,Hernández,24,F,Arquitectura,7,6.79
A00238,Carlos,Martínez,29,M,Ingeniería,7,6.62
A00239,José,Hernández,28,M,Economía,4,8.06
A00240,Laura,González,23,M,Psicología,2,6.52
A00241,Laura,Martínez,29,F,Medicina,5,6.74
A00242,Luis,Pérez,29,M,Arquitectura,2,9.67
A00243,Ana,Hernández,21,M,Medicina,1,7.52
A00244,Miguel,Ramírez,25,M,Medicina,6,7.13
A00245,Sofía,García,21,F,Psicología,7,7.63
A00246,José,Pérez,24,M,Medicina,6,6.07
A00247,Ana,Pérez,21,F,Arquitectura,3,9.79
A00248,Miguel,Hernández,25,F,Derecho,2,7.17
A00249,Sofía,Ramírez,18,F,Medicina,1,8.52
A00250,Ana,Pérez,25,F,Economía,1,9.82
A00251,Sofía,García,28,M,Ingeniería,2,7.94
A00252,José,Pérez,18,M,Derecho,4,6.72
A00253,María,López,27,M,Psicología,8,7.08
A00254,María,Hernández,25,M,Economía,6,7.2
A00255,Sofía,López,24,F,Psicología,4,7.08
A00256,Ana,Hernández,19,F,Arquitectura,9,6.6
A00257,Sofía,López,23,F,Derecho,5,7.74
A00258,Sofía,González,22,F,Psicología,5,8.1
A00259,Carlos,Martínez,25,F,Derecho,7,9.64
A00260,Luis,Ramírez,23,M,Ingeniería,8,9.95
A00261,José,Hernández,19,M,Economía,8,8.18
A00262,Luis,Martínez,19,M,Psicología,4,6.95
A00263,María,Ramírez,28,F,Economía,9,7.29
A00264,Sofía,González,29,M,Medicina,5,6.9
A00265,Luis,González,23,F,Derecho,7,9.44
A00266,Ana,López,23,F,Psicología,7,9.11
A00267,Carlos,García,28,M,Ingeniería,3,6.45
A00268,Sofía,Pérez,26,F,Ingeniería,5,6.1
A00269,Laura,González,19,F,Arquitectura,7,6.24
A00270,José,López,19,M,Medicina,4,9.87
A00271,Carlos,Martínez,29,F,Derecho,5,6.18
A00272,María,Hernández,21,M,Arquitectura,6,7.26
A00273,Miguel,García,24,F,Derecho,1,7.9
A00274,Laura,Pérez,25,M,Medicina,1,9.34
A00275,Sofía,García,27,M,Ingeniería,3,7.43
A00276,Sofía,González,20,M,Ingeniería,6,6.83
A00277,Luis,Hernández,29,F,Ingeniería,2,7.28
A00278,Ana,Pérez,20,F,Psicología,1,6.69
A00279,Ana,García,19,M,Medicina,9,6.12
A00280,María,Martínez,29,F,Ingeniería,9,6.97
A00281,Sofía,Hernández,18,F,Ingeniería,9,6.47
A00282,Ana,García,27,M,Economía,4,8.51
A00283,Miguel,Ramírez,23,M,Psicología,3,9.53
A00284,Carlos,Ramírez,20,M,Arquitectura,5,7.97
A00285,Sofía,González,20,F,Economía,5,8.27
A00286,José,Hernández,18,M,Derecho,4,8.93
A00287,Sofía,Torres,26,M,Derecho,4,8.8
A00288,Miguel,Martínez,20,F,Arquitectura,2,6.21
A00289,Ana,Martínez,26,F,Psicología,4,7.4
A00290,Laura,Torres,29,M,Arquitectura,8,7.19
A00291,Miguel,Torres,22,M,Derecho,7,6.73
A00292,José,González,19,F,Psicología,6,6.73
A00293,Ana,Hernández,20,F,Arquitectura,7,6.88
A00294,Ana,Hernández,28,M,Medicina,7,6.58
A00295,Carlos,García,27,F,Ingeniería,6,8.4
A00296,Miguel,Torres,22,F,Psicología,6,9.09
A00297,José,Hernández,25,F,Ingeniería,6,7.12
A00298,Carlos,González,29,F,Medicina,4,8.21
A00299,Luis,González,24,F,Arquitectura,4,9.13
A00300,María,Hernández,19,F,Economía,7,7.79
A00301,Sofía,Hernández,27,M,Psicología,8,6.99
A00302,María,Ramírez,28,F,Ingeniería,5,7.6
A00303,José,Martínez,19,F,Economía,1,6.64
A00304,Carlos,Ramírez,27,F,Psicología,5,6.09
A00305,José,Martínez,20,M,Economía,2,9.44
A00306,José,Martínez,21,F,Ingeniería,6,9.63
A00307,Ana,Ramírez,23,M,Ingeniería,9,9.93
A00308,Sofía,Ramírez,21,F,Economía,8,8.76
A00309,José,Martínez,28,F,Psicología,9,6.35
A00310,Sofía,Hernández,19,M,Arquitectura,3,9.55
A00311,María,Pérez,28,M,Economía,1,9.91
A00312,Carlos,López,20,M,Psicología,8,9.4
A00313,José,Pérez,18,F,Ingeniería,7,8.52
A00314,Laura,Martínez,24,M,Derecho,2,8.07
A00315,María,Hernández,26,M,Derecho,7,6.11
A00316,Laura,Torres,24,M,Arquitectura,5,8.88
A00317,María,Pérez,23,F,Psicología,7,8.76
A00318,Laura,González,19,M,Psicología,4,6.77
A00319,Miguel,Torres,27,F,Economía,6,7.14
A00320,María,Martínez,18,F,Derecho,5,8.7
A00321,Laura,García,19,F,Ingeniería,2,8.93
A00322,Ana,Torres,21,F,Derecho,4,6.08
A00323,Sofía,Torres,23,F,Psicología,1,8.27
A00324,Miguel,Martínez,23,M,Economía,6,7.79
A00325,Luis,Ramírez,24,M,Psicología,8,6.4
A00326,Laura,Pérez,28,F,Economía,7,7.85
A00327,Laura,López,28,F,Medicina,5,9.26
A00328,Ana,López,21,F,Medicina,1,8.55
A00329,Ana,Torres,24,F,Arquitectura,6,9.46
A00330,María,Pérez,27,F,Medicina,1,8.35
A00331,Sofía,Pérez,20,F,Medicina,1,8.78
A00332,Miguel,Hernández,20,M,Economía,3,9.76
A00333,Laura,Hernández,22,F,Derecho,3,7.16
A00334,Ana,González,20,M,Psicología,6,7.36
A00335,Laura,García,29,F,Economía,5,9.95
A00336,Laura,González,23,M,Derecho,2,6.7
A00337,José,Ramírez,20,F,Psicología,3,9.22
A00338,Miguel,García,25,M,Ingeniería,3,7.65
A00339,Ana,García,22,F,Medicina,1,9.1
A00340,Luis,Torres,24,F,Medicina,5,6.36
A00341,Miguel,Torres,19,M,Psicología,6,8.99
A00342,Ana,González,29,M,Psicología,1,9.2
A00343,Ana,Pérez,21,F,Psicología,7,8.47
A00344,María,Pérez,18,F,Economía,1,9.08
A00345,Luis,López,28,F,Arquitectura,3,6.87
A00346,Ana,Hernández,29,M,Ingeniería,5,6.45
A00347,Luis,González,19,F,Arquitectura,1,7.14
A00348,Miguel,Torres,26,M,Derecho,5,6.44
A00349,Miguel,González,22,M,Ingeniería,7,7.07
A00350,Laura,López,26,F,Medicina,1,6.25
A00351,Miguel,Hernández,24,M,Medicina,9,9.46
A00352,Sofía,López,22,M,Derecho,4,9.38
A00353,Miguel,González,19,F,Psicología,8,6.99
A00354,Laura,Ramírez,29,F,Derecho,4,7.59
A00355,Miguel,Torres,27,F,Medicina,7,6.62
A00356,Miguel,Hernández,25,F,Ingeniería,5,9.65
A00357,José,García,23,F,Medicina,5,9.29
A00358,María,González,28,M,Derecho,6,7.68
A00359,Sofía,Pérez,22,F,Psicología,2,9.14
A00360,María,González,25,M,Economía,2,9.22
A00361,José,Martínez,25,F,Arquitectura,1,8.55
A00362,Laura,Torres,21,M,Ingeniería,9,6.93
A00363,José,Ramírez,22,F,Medicina,8,7.6
A00364,Ana,Torres,23,F,Medicina,7,9.9
A00365,Ana,Hernández,27,M,Economía,6,7.38
A00366,María,Martínez,18,F,Medicina,2,8.01
A00367,Sofía,Ramírez,29,F,Psicología,5,7.97
A00368,Luis,López,26,F,Economía,4,6.05
A00369,Carlos,Martínez,19,M,Arquitectura,4,8.76
A00370,Luis,Pérez,26,F,Arquitectura,4,6.82
A00371,Luis,Torres,23,F,Arquitectura,6,7.15
A00372,Luis,López,29,F,Medicina,2,8.23
A00373,Sofía,Hernández,27,M,Medicina,6,8.53
A00374,Carlos,Torres,24,M,Psicología,6,9.81
A00375,Ana,Martínez,29,M,Ingeniería,3,6.4
A00376,María,Ramírez,19,M,Psicología,7,7.89
A00377,Sofía,López,21,F,Ingeniería,1,6.91
A00378,María,Torres,19,M,Derecho,6,7.1
A00379,Luis,Ramírez,28,F,Arquitectura,3,6.44
A00380,Miguel,González,28,F,Economía,9,7.78
A00381,María,Martínez,21,F,Derecho,5,9.21
A00382,María,Martínez,18,F,Medicina,2,7.65
A00383,Ana,López,26,M,Economía,7,7.25
A00384,José,López,18,F,Ingeniería,2,8.45
A00385,José,Pérez,25,F,Ingeniería,2,8.91
A00386,Ana,Martínez,18,M,Derecho,8,8.18
A00387,José,Torres,21,F,Ingeniería,6,6.65
A00388,Ana,López,22,M,Arquitectura,1,6.17
A00389,Luis,Ramírez,22,F,Medicina,6,7.42
A00390,María,García,24,M,Medicina,2,6.49
A00391,Miguel,Martínez,23,M,Economía,4,7.4
A00392,José,López,29,M,Economía,3,7.35
A00393,Miguel,Pérez,22,F,Medicina,1,9.82
A00394,José,González,21,F,Psicología,2,8.16
A00395,Carlos,Torres,29,F,Ingeniería,5,8.74
A00396,María,López,18,M,Economía,7,7.68
A00397,Luis,Hernández,28,M,Arquitectura,8,7.6
A00398,Ana,García,23,M,Psicología,4,9.88
A00399,Luis,Pérez,27,F,Derecho,9,8.08
A00400,Luis,Pérez,20,F,Ingeniería,7,7.45
A00401,Carlos,López,22,F,Derecho,7,9.5
A00402,Miguel,Hernández,24,F,Arquitectura,4,6.19
A00403,María,Martínez,20,M,Arquitectura,4,8.05
A00404,Luis,López,20,F,Medicina,3,6.24
A00405,Laura,López,24,M,Psicología,3,8.14
A00406,José,García,26,F,Arquitectura,9,9.88
A00407,Miguel,García,18,F,Economía,6,8.99
A00408,María,Pérez,29,F,Psicología,7,6.53
A00409,Laura,Ramírez,20,F,Arquitectura,5,7.77
A00410,Miguel,García,24,M,Psicología,8,7.23
A00411,José,Ramírez,26,F,Medicina,2,9.75
A00412,Carlos,Martínez,21,M,Economía,8,9.73
A00413,Luis,Hernández,28,M,Economía,8,7.13
A00414,Miguel,García,29,F,Arquitectura,6,8.32
A00415,Sofía,González,20,M,Economía,6,8.23
A00416,Ana,Torres,26,M,Ingeniería,8,6.87
A00417,Ana,García,18,M,Arquitectura,5,7.98
A00418,José,Ramírez,22,M,Arquitectura,8,8.64
A00419,José,García,28,F,Derecho,5,6.75
A00420,José,Torres,24,M,Economía,5,9.83
A00421,Sofía,García,24,F,Derecho,6,8.88
A00422,José,Hernández,28,F,Economía,7,6.06
A00423,María,Hernández,27,M,Medicina,2,6.39
A00424,Carlos,García,25,M,Medicina,9,9.47
A00425,Miguel,Ramírez,19,F,Psicología,8,9.92
A00426,José,García,19,M,Ingeniería,4,6.8
A00427,Carlos,López,25,F,Arquitectura,3,7.44
A00428,Carlos,González,26,F,Medicina,2,7.75
A00429,Luis,López,20,F,Arquitectura,5,8.38
A00430,Sofía,López,21,M,Arquitectura,6,9.48
A00431,Laura,Hernández,25,M,Arquitectura,5,7.2
A00432,Laura,Hernández,29,M,Psicología,4,6.57
A00433,Miguel,Pérez,25,F,Derecho,5,7.86
A00434,Ana,Torres,29,M,Arquitectura,2,8.53
A00435,Sofía,García,19,M,Economía,4,7.27
A00436,Miguel,Ramírez,26,M,Arquitectura,6,7.89
A00437,Sofía,Hernández,22,M,Derecho,4,9.33
A00438,Ana,García,27,M,Derecho,8,7.34
A00439,Luis,Martínez,22,M,Ingeniería,6,7.69
A00440,Laura,García,23,F,Psicología,6,6.37
A00441,Laura,Pérez,24,F,Arquitectura,1,8.24
A00442,Sofía,Ramírez,18,M,Arquitectura,6,7.5
A00443,Luis,García,23,F,Economía,4,6.06
A00444,Ana,Torres,25,F,Ingeniería,5,6.72
A00445,Ana,Hernández,19,F,Medicina,4,8.72
A00446,Laura,González,22,F,Medicina,7,7.65
A00447,Luis,Ramírez,21,F,Medicina,2,7.71
A00448,Ana,González,20,F,Arquitectura,5,6.11
A00449,María,López,19,M,Derecho,1,8.61
A00450,José,Pérez,20,M,Psicología,7,7.41
A00451,Luis,Hernández,27,M,Ingeniería,6,8.15
A00452,José,Hernández,26,F,Psicología,2,8.31
A00453,Sofía,López,22,M,Arquitectura,7,7.61
A00454,Miguel,López,23,M,Medicina,3,8.69
A00455,Laura,Ramírez,25,F,Derecho,2,7.38
A00456,Luis,González,20,F,Psicología,2,6.48
A00457,Sofía,Ramírez,20,F,Psicología,3,8.78
A00458,Miguel,Martínez,29,F,Derecho,5,8.75
A00459,María,Martínez,23,M,Derecho,7,8.83
A00460,Miguel,García,20,F,Arquitectura,4,9.78
A00461,Sofía,García,29,F,Ingeniería,5,6.32
A00462,María,López,22,F,Ingeniería,7,8.32
A00463,Ana,Ramírez,23,M,Economía,7,7.77
A00464,José,Martínez,20,F,Medicina,6,8.93
A00465,Ana,González,21,F,Economía,8,8.92
A00466,Carlos,Ramírez,29,M,Medicina,3,6.66
A00467,María,García,19,F,Ingeniería,2,7.88
A00468,María,Hernández,24,F,Psicología,1,9.78
A00469,Laura,González,23,M,Arquitectura,6,6.78
A00470,José,Torres,20,M,Medicina,1,8.23
A00471,Miguel,Pérez,21,M,Arquitectura,2,8.32
A00472,Carlos,Ramírez,28,M,Psicología,4,6.47
A00473,Carlos,López,25,F,Medicina,2,6.73
A00474,Luis,López,20,M,Economía,2,7.25
A00475,Sofía,Torres,23,F,Derecho,6,8.69
A00476,Ana,López,28,F,Ingeniería,8,6.87
A00477,Miguel,Torres,18,F,Medicina,1,6.85
A00478,Luis,González,24,M,Arquitectura,4,8.64
A00479,Miguel,Torres,29,F,Economía,5,9.43
A00480,Sofía,Martínez,29,F,Ingeniería,2,8.22
A00481,Laura,Martínez,24,F,Psicología,1,9.34
A00482,José,Hernández,22,F,Medicina,8,7.17
A00483,Miguel,Ramírez,23,F,Psicología,6,8.49
A00484,María,López,24,M,Arquitectura,6,8.47
A00485,María,López,20,M,Arquitectura,6,7.02
A00486,Laura,González,21,M,Economía,7,7.62
A00487,Miguel,Torres,18,M,Ingeniería,6,9.16
A00488,Sofía,González,29,F,Derecho,3,9.91
A00489,José,García,27,M,Medicina,8,8.0
A00490,Luis,Hernández,27,F,Arquitectura,8,9.77
A00491,Carlos,López,19,F,Psicología,2,6.81
A00492,Ana,Martínez,24,M,Ingeniería,2,7.86
A00493,Laura,García,25,F,Psicología,6,8.6
A00494,Laura,López,26,M,Psicología,2,8.39
A00495,Sofía,Torres,22,M,Psicología,6,8.36
A00496,Carlos,Torres,19,M,Psicología,2,7.53
A00497,Luis,González,23,F,Medicina,4,9.08
A00498,Ana,Pérez,22,M,Ingeniería,3,9.4
A00499,Laura,Torres,18,M,Medicina,1,6.44
A00500,Ana,Pérez,28,F,Psicología,7,6.91
A00501,Ana,Martínez,23,M,Arquitectura,6,9.56
A00502,José,Torres,19,M,Medicina,2,8.78
A00503,José,Torres,25,F,Ingeniería,6,8.05
A00504,José,González,22,M,Psicología,2,7.67
A00505,María,Torres,24,F,Derecho,1,9.33
A00506,José,Pérez,19,M,Ingeniería,9,7.7
A00507,Luis,Pérez,21,F,Ingeniería,4,6.4
A00508,Luis,Martínez,22,M,Medicina,2,9.09
A00509,Sofía,García,18,M,Arquitectura,4,7.09
A00510,Carlos,Pérez,20,F,Arquitectura,1,9.68
A00511,Miguel,García,21,M,Economía,4,7.0
A00512,Sofía,Ramírez,22,M,Ingeniería,8,7.61
A00513,María,Pérez,28,F,Derecho,1,8.11
A00514,Carlos,Torres,19,F,Medicina,2,6.93
A00515,Ana,Martínez,29,M,Psicología,2,6.07
A00516,María,Martínez,20,M,Economía,4,9.66
A00517,Laura,Martínez,19,F,Derecho,4,7.82
A00518,Luis,Ramírez,27,M,Ingeniería,4,7.77
A00519,María,Hernández,22,F,Derecho,1,9.15
A00520,José,Ramírez,24,F,Arquitectura,6,7.0
A00521,Ana,Pérez,25,F,Derecho,1,8.73
A00522,Ana,Martínez,19,M,Psicología,7,6.95
A00523,Ana,López,20,F,Economía,9,7.22
A00524,Miguel,López,28,F,Medicina,7,8.34
A00525,Miguel,Torres,26,F,Psicología,1,8.87
A00526,María,Hernández,25,M,Medicina,9,6.69
A00527,Carlos,López,28,M,Economía,4,6.92
A00528,Ana,García,26,F,Medicina,1,6.94
A00529,Laura,Torres,27,F,Derecho,7,6.45
A00530,Miguel,Hernández,25,F,Economía,8,7.42
A00531,Laura,García,19,M,Derecho,2,8.11
A00532,Sofía,García,25,M,Arquitectura,7,6.59
A00533,Laura,Torres,27,F,Derecho,1,8.18
A00534,José,Ramírez,29,F,Derecho,5,6.68
A00535,María,Hernández,27,F,Psicología,6,9.01
A00536,María,Pérez,27,M,Derecho,2,9.28
A00537,María,Pérez,29,M,Psicología,6,9.86
A00538,Laura,García,25,F,Derecho,3,6.25
A00539,Ana,Pérez,26,M,Economía,6,7.75
A00540,Miguel,Pérez,24,F,Arquitectura,8,7.79
A00541,José,Torres,25,M,Medicina,1,8.69
A00542,Laura,Ramírez,21,F,Derecho,5,6.67
A00543,María,García,27,M,Derecho,2,6.08
A00544,Carlos,Hernández,19,F,Psicología,6,7.66
A00545,Miguel,González,29,M,Economía,9,6.46
A00546,Sofía,Pérez,19,F,Ingeniería,3,6.25
A00547,María,Pérez,21,F,Psicología,7,7.18
A00548,Luis,Martínez,27,M,Ingeniería,3,9.67
A00549,Miguel,Ramírez,21,M,Arquitectura,6,8.27
A00550,José,González,24,M,Derecho,9,7.82
A00551,José,Hernández,27,M,Arquitectura,6,8.05
A00552,Luis,Hernández,26,M,Ingeniería,1,7.34
A00553,Ana,Ramírez,28,F,Arquitectura,2,8.62
A00554,José,Pérez,26,F,Medicina,1,6.4
A00555,José,García,23,F,Economía,9,7.01
A00556,Miguel,López,28,F,Arquitectura,4,9.04
A00557,Carlos,López,26,M,Derecho,1,8.23
A00558,Sofía,Ramírez,29,M,Medicina,5,7.79
A00559,Miguel,Pérez,25,M,Medicina,3,7.39
A00560,Ana,Martínez,23,M,Arquitectura,1,8.94
A00561,Miguel,Torres,25,M,Derecho,7,7.15
A00562,Luis,López,19,M,Economía,5,6.18
A00563,José,Hernández,25,M,Medicina,8,9.32
A00564,José,Pérez,21,M,Ingeniería,2,9.69
A00565,Carlos,Pérez,28,F,Derecho,5,8.98
A00566,Laura,Martínez,22,F,Economía,5,6.81
A00567,José,Torres,20,M,Derecho,9,8.78
A00568,Miguel,Martínez,24,F,Ingeniería,4,9.0
A00569,Carlos,García,24,M,Economía,1,6.48
A00570,Miguel,García,26,F,Arquitectura,1,7.06
A00571,Laura,Torres,26,F,Arquitectura,3,7.25
A00572,Miguel,Ramírez,23,F,Ingeniería,5,8.37
A00573,Carlos,González,24,F,Derecho,7,8.41
A00574,Laura,López,23,M,Derecho,9,8.97
A00575,Ana,Hernández,22,F,Psicología,9,8.52
A00576,Ana,González,23,F,Arquitectura,7,7.45
A00577,Luis,Torres,18,M,Arquitectura,5,7.85
A00578,Ana,López,22,F,Economía,2,8.83
A00579,Carlos,García,22,F,Psicología,6,9.32
A00580,Carlos,López,24,F,Medicina,5,8.8
A00581,Ana,López,19,F,Psicología,4,7.8
A00582,Carlos,Torres,22,M,Arquitectura,9,8.46
A00583,Miguel,Hernández,29,F,Psicología,6,7.42
A00584,Sofía,Hernández,29,F,Arquitectura,8,7.7
A00585,María,Torres,18,F,Arquitectura,9,9.5
A00586,Luis,González,21,M,Ingeniería,8,7.69
A00587,Laura,Martínez,29,M,Ingeniería,4,9.3
A00588,Luis,Pérez,22,F,Derecho,3,7.94
A00589,María,López,28,M,Psicología,4,7.74
A00590,Laura,Ramírez,18,F,Ingeniería,1,8.37
A00591,María,López,25,F,Medicina,9,7.44
A00592,Luis,Torres,23,F,Derecho,3,7.56
A00593,Ana,Ramírez,20,M,Medicina,2,8.29
A00594,Ana,Torres,25,F,Arquitectura,1,8.83
A00595,Ana,Martínez,19,M,Ingeniería,1,8.99
A00596,Sofía,Hernández,26,F,Ingeniería,5,9.72
A00597,María,García,26,M,Derecho,2,7.92
A00598,Carlos,Pérez,27,F,Psicología,5,8.53
A00599,María,Martínez,24,F,Psicología,2,6.06
A00600,Sofía,Hernández,25,F,Ingeniería,9,7.64
A00601,María,Torres,25,F,Psicología,7,6.65
A00602,Luis,Pérez,26,F,Ingeniería,8,8.15
A00603,María,Pérez,29,F,Medicina,3,8.98
A00604,Ana,Hernández,19,M,Derecho,8,7.95
A00605,José,Hernández,20,F,Derecho,4,7.84
A00606,José,García,19,M,Economía,3,8.04
A00607,Sofía,Torres,27,F,Ingeniería,1,8.41
A00608,Ana,López,22,M,Ingeniería,5,6.56
A00609,María,García,24,M,Derecho,4,8.99
A00610,José,Pérez,27,M,Economía,4,9.06
A00611,Carlos,Torres,25,M,Arquitectura,8,8.26
A00612,Carlos,Torres,19,M,Psicología,8,9.69
A00613,Laura,García,26,F,Psicología,8,8.57
A00614,Miguel,Hernández,18,M,Arquitectura,2,6.36
A00615,Luis,Pérez,28,F,Psicología,8,6.12
A00616,Luis,Ramírez,18,F,Arquitectura,4,9.92
A00617,Luis,Martínez,19,M,Economía,5,8.99
A00618,Sofía,López,26,F,Ingeniería,6,9.34
A00619,María,Ramírez,22,F,Derecho,5,8.76
A00620,Carlos,Hernández,18,F,Medicina,9,9.26
A00621,Laura,Pérez,25,M,Arquitectura,4,7.59
A00622,Sofía,Martínez,24,M,Psicología,3,8.46
A00623,Luis,González,29,M,Medicina,9,9.43
A00624,Carlos,Torres,20,F,Psicología,4,6.11
A00625,Carlos,López,26,F,Economía,3,7.38
A00626,José,Hernández,20,M,Medicina,7,7.65
A00627,Carlos,Torres,21,M,Arquitectura,5,8.54
A00628,María,Ramírez,21,F,Arquitectura,5,6.45
A00629,Ana,Ramírez,20,M,Economía,2,6.57
A00630,Miguel,Torres,20,F,Derecho,1,6.72
A00631,María,Torres,28,M,Medicina,1,9.27
A00632,María,López,24,M,Economía,3,9.56
A00633,Carlos,Pérez,26,F,Psicología,7,7.17
A00634,Laura,García,22,M,Medicina,6,7.54
A00635,María,López,24,M,Derecho,7,6.36
A00636,Laura,Pérez,18,M,Economía,3,9.49
A00637,Ana,Hernández,25,M,Economía,8,6.2
A00638,Miguel,Torres,29,M,Ingeniería,1,8.04
A00639,José,López,19,F,Derecho,7,8.57
A00640,Laura,González,27,M,Arquitectura,1,8.35
A00641,Miguel,Torres,25,F,Derecho,1,6.73
A00642,Carlos,López,19,M,Arquitectura,9,8.84
A00643,Ana,Ramírez,22,F,Arquitectura,3,7.94
A00644,María,Torres,24,M,Arquitectura,3,7.41
A00645,Ana,López,21,F,Arquitectura,8,9.26
A00646,José,Torres,27,F,Economía,3,6.23
A00647,Ana,Martínez,19,M,Economía,1,8.95
A00648,Miguel,Ramírez,24,F,Economía,8,8.44
A00649,Sofía,Pérez,22,F,Medicina,9,9.65
A00650,Carlos,Hernández,27,M,Economía,6,7.57
A00651,José,Hernández,29,M,Psicología,3,6.98
A00652,Luis,Ramírez,29,M,Psicología,4,7.4
A00653,Carlos,Ramírez,26,M,Ingeniería,3,9.53
A00654,María,Martínez,27,F,Ingeniería,3,9.45
A00655,Luis,López,23,F,Arquitectura,4,9.73
A00656,Carlos,Pérez,20,M,Psicología,5,9.93
A00657,María,González,22,M,Medicina,6,6.17
A00658,María,García,29,F,Ingeniería,3,9.33
A00659,María,González,23,F,Psicología,2,8.71
A00660,Luis,Pérez,24,F,Ingeniería,7,7.84
A00661,Carlos,Hernández,28,F,Derecho,5,7.4
A00662,Laura,Torres,27,F,Economía,2,6.6
A00663,Carlos,Ramírez,19,M,Arquitectura,3,9.03
A00664,Ana,González,27,F,Economía,2,8.4
A00665,Carlos,Pérez,23,F,Arquitectura,7,8.24
A00666,María,López,25,M,Medicina,5,7.48
A00667,Carlos,González,20,M,Psicología,3,7.17
A00668,Laura,Torres,26,F,Arquitectura,8,9.15
A00669,Miguel,Martínez,29,F,Ingeniería,1,7.36
A00670,Laura,Hernández,22,M,Medicina,7,7.61
A00671,Ana,Ramírez,26,M,Arquitectura,9,7.09
A00672,Miguel,Torres,27,F,Derecho,5,8.45
A00673,Ana,García,18,M,Medicina,1,8.41
A00674,Luis,Ramírez,26,M,Psicología,8,8.49
A00675,Luis,Torres,25,M,Medicina,4,6.74
A00676,Miguel,Hernández,21,F,Medicina,9,6.15
A00677,María,Ramírez,27,F,Psicología,6,8.21
A00678,Miguel,López,18,F,Ingeniería,8,8.42
A00679,María,González,21,M,Economía,9,6.07
A00680,Luis,González,25,M,Derecho,7,7.27
A00681,Laura,Pérez,26,F,Arquitectura,9,9.85
A00682,Ana,López,21,F,Arquitectura,2,6.61
A00683,Carlos,Pérez,29,M,Arquitectura,7,6.33
A00684,Sofía,García,21,F,Medicina,2,6.93
A00685,Luis,Pérez,24,M,Economía,2,8.54
A00686,Laura,López,22,F,Arquitectura,7,6.65
A00687,Luis,Torres,29,M,Ingeniería,4,6.48
A00688,José,García,20,F,Ingeniería,3,6.3
A00689,Carlos,Pérez,29,F,Economía,7,6.04
A00690,Miguel,García,22,M,Derecho,5,7.75
A00691,Miguel,Hernández,29,F,Psicología,9,9.34
A00692,Sofía,López,24,F,Medicina,2,9.45
A00693,Ana,Torres,19,F,Derecho,3,9.11
A00694,José,Hernández,23,F,Derecho,9,6.56
A00695,Laura,Martínez,21,F,Psicología,6,6.34
A00696,Laura,Pérez,29,M,Derecho,8,7.81
A00697,Luis,Torres,28,F,Economía,6,9.31
A00698,José,Pérez,29,F,Derecho,4,9.51
A00699,Carlos,Ramírez,19,M,Arquitectura,1,8.59
A00700,Luis,Ramírez,18,F,Psicología,9,6.05
A00701,Luis,Ramírez,23,M,Derecho,7,7.12
A00702,Miguel,Hernández,26,F,Derecho,6,9.49
A00703,José,García,26,F,Economía,9,7.93
A00704,Luis,Martínez,24,M,Ingeniería,1,7.5
A00705,Ana,Torres,22,M,Ingeniería,1,9.96
A00706,José,Ramírez,27,F,Psicología,7,7.25
A00707,Carlos,González,23,M,Arquitectura,1,7.12
A00708,María,González,19,F,Arquitectura,3,9.33
A00709,Laura,Torres,20,M,Arquitectura,6,6.06
A00710,Laura,Pérez,27,F,Ingeniería,5,8.4
A00711,Ana,González,25,F,Derecho,9,7.85
A00712,Sofía,García,22,M,Arquitectura,2,8.47
A00713,Luis,Torres,20,F,Economía,7,6.3
A00714,Carlos,Torres,19,F,Economía,4,6.16
A00715,Miguel,González,25,F,Medicina,6,6.32
A00716,María,Martínez,27,F,Ingeniería,6,6.15
A00717,Luis,Pérez,27,F,Derecho,6,6.6
A00718,José,Ramírez,19,M,Arquitectura,7,9.68
A00719,José,González,25,F,Medicina,1,6.64
A00720,Miguel,Ramírez,19,F,Derecho,7,8.49
A00721,Luis,Ramírez,21,F,Ingeniería,6,8.14
A00722,Luis,Ramírez,26,M,Derecho,5,6.79
A00723,José,López,26,M,Psicología,1,6.98
A00724,Sofía,Torres,20,F,Arquitectura,4,8.86
A00725,Ana,Martínez,21,M,Arquitectura,9,7.83
A00726,José,Torres,22,M,Derecho,6,7.4
A00727,Luis,González,23,M,Economía,3,7.87
A00728,Sofía,Hernández,21,M,Economía,5,7.91
A00729,José,Pérez,24,F,Ingeniería,4,7.35
A00730,Miguel,García,26,F,Psicología,5,6.43
A00731,Laura,García,19,M,Economía,9,7.28
A00732,Sofía,Martínez,24,F,Medicina,7,6.4
A00733,María,Pérez,23,M,Ingeniería,3,9.37
A00734,Luis,Torres,28,F,Psicología,8,6.75
A00735,Ana,Pérez,23,F,Arquitectura,6,8.9
A00736,Sofía,Torres,27,F,Medicina,9,6.84
A00737,María,García,23,F,Medicina,9,9.15
A00738,José,López,18,M,Economía,9,6.48
A00739,Ana,González,27,M,Psicología,3,9.6
A00740,Luis,López,25,F,Medicina,3,8.16
A00741,Carlos,González,23,M,Medicina,8,7.85
A00742,Carlos,López,23,M,Arquitectura,2,8.54
A00743,María,González,19,M,Ingeniería,2,9.33
A00744,Luis,Torres,18,M,Psicología,5,9.49
A00745,José,Torres,22,M,Medicina,9,6.21
A00746,Carlos,Ramírez,25,F,Economía,9,7.22
A00747,Miguel,Martínez,24,F,Ingeniería,5,7.04
A00748,Ana,Torres,26,M,Arquitectura,7,6.4
A00749,Laura,Torres,26,M,Derecho,8,9.95
A00750,Ana,Torres,26,F,Medicina,3,9.81
A00751,Luis,Torres,24,M,Arquitectura,3,9.75
A00752,Luis,Martínez,18,F,Arquitectura,9,9.61
A00753,Ana,Torres,25,M,Economía,7,9.1
A00754,Carlos,Pérez,20,M,Economía,4,9.54
A00755,María,Hernández,23,F,Medicina,4,6.28
A00756,Sofía,Martínez,20,M,Economía,7,7.78
A00757,Luis,López,29,M,Derecho,5,8.65
A00758,José,Ramírez,21,F,Arquitectura,9,6.52
A00759,María,González,20,F,Medicina,5,8.92
A00760,Miguel,Ramírez,26,M,Arquitectura,5,9.04
A00761,Luis,Ramírez,25,M,Psicología,9,6.48
A00762,Luis,Ramírez,23,M,Arquitectura,5,8.94
A00763,María,Torres,18,M,Economía,7,6.18
A00764,María,Ramírez,18,F,Arquitectura,9,9.25
A00765,Carlos,Pérez,18,M,Psicología,2,8.33
A00766,José,Hernández,20,F,Arquitectura,6,9.56
A00767,Carlos,Torres,25,M,Derecho,7,7.82
A00768,José,Ramírez,21,M,Psicología,3,6.04
A00769,José,Ramírez,26,M,Ingeniería,2,6.66
A00770,José,Ramírez,18,F,Medicina,4,9.01
A00771,Sofía,Hernández,23,F,Economía,9,8.38
A00772,Laura,García,27,F,Ingeniería,6,8.58
A00773,Sofía,Pérez,24,F,Arquitectura,9,8.56
A00774,Sofía,González,27,M,Arquitectura,3,9.19
A00775,Carlos,Torres,19,F,Economía,6,8.76
A00776,Miguel,López,24,M,Ingeniería,6,8.11
A00777,Carlos,Pérez,23,M,Arquitectura,1,9.4
A00778,Carlos,García,22,F,Economía,4,9.38
A00779,José,López,26,F,Arquitectura,3,6.22
A00780,Luis,Martínez,22,F,Psicología,4,6.16
A00781,Carlos,Torres,21,F,Economía,1,8.16
A00782,Miguel,Hernández,28,M,Arquitectura,3,9.07
A00783,Ana,González,23,M,Economía,6,7.82
A00784,Luis,Ramírez,22,F,Derecho,1,7.35
A00785,Carlos,López,19,F,Derecho,9,7.64
A00786,José,López,19,F,Psicología,3,7.61
A00787,Luis,Ramírez,25,M,Arquitectura,5,9.62
A00788,Luis,Torres,18,F,Ingeniería,7,9.18
A00789,María,López,23,F,Psicología,7,7.97
A00790,Sofía,González,23,M,Arquitectura,1,7.71
A00791,Miguel,Torres,24,M,Derecho,6,7.35
A00792,José,Ramírez,27,F,Medicina,1,7.09
A00793,Laura,González,20,M,Medicina,4,6.81
A00794,Laura,Ramírez,28,F,Arquitectura,1,7.95
A00795,María,Torres,18,M,Psicología,8,8.32
A00796,Sofía,Ramírez,20,M,Economía,1,6.08
A00797,María,Ramírez,25,M,Ingeniería,8,9.9
A00798,Carlos,Martínez,29,F,Arquitectura,8,9.8
A00799,María,García,27,F,Medicina,6,8.19
A00800,Carlos,García,19,M,Psicología,9,9.82
A00801,José,Martínez,20,F,Medicina,5,6.86
A00802,Laura,Hernández,24,M,Medicina,2,9.59
A00803,Ana,Torres,20,M,Arquitectura,8,9.05
A00804,Laura,Ramírez,24,M,Arquitectura,5,7.46
A00805,Sofía,Hernández,18,M,Arquitectura,2,8.16
A00806,Sofía,López,26,M,Economía,7,6.38
A00807,María,López,25,F,Psicología,6,7.58
A00808,María,Martínez,19,M,Ingeniería,3,9.19
A00809,María,Torres,28,F,Medicina,5,8.58
A00810,Luis,Ramírez,28,F,Derecho,7,8.71
A00811,Carlos,García,19,M,Arquitectura,9,9.82
A00812,José,García,20,M,Ingeniería,3,7.79
A00813,María,Pérez,26,F,Psicología,9,9.46
A00814,Ana,Hernández,18,M,Economía,6,8.36
A00815,Carlos,Hernández,21,F,Psicología,1,8.35
A00816,José,Martínez,25,F,Medicina,7,8.93
A00817,Laura,Ramírez,26,F,Ingeniería,6,6.86
A00818,Miguel,Martínez,23,M,Arquitectura,9,7.01
A00819,José,Ramírez,26,F,Medicina,2,9.94
A00820,Laura,Hernández,26,F,Medicina,6,8.77
A00821,María,López,22,F,Economía,1,8.32
A00822,Ana,Ramírez,25,F,Medicina,4,9.87
A00823,Sofía,Torres,26,F,Psicología,7,8.03
A00824,Sofía,López,20,M,Medicina,7,9.73
A00825,Carlos,Torres,18,M,Psicología,4,6.75
A00826,Laura,Pérez,26,F,Psicología,2,8.77
A00827,Luis,López,21,M,Derecho,9,9.35
A00828,Miguel,Hernández,20,F,Economía,7,8.2
A00829,Ana,Ramírez,19,F,Arquitectura,9,8.83
A00830,José,Ramírez,23,F,Arquitectura,9,7.99
A00831,Sofía,Hernández,24,M,Derecho,5,9.33
A00832,Luis,López,29,M,Economía,2,6.61
A00833,Sofía,Hernández,25,M,Ingeniería,9,6.67
A00834,Miguel,Ramírez,20,M,Ingeniería,8,9.69
A00835,Luis,González,24,F,Derecho,8,9.99
A00836,José,González,27,F,Psicología,5,7.22
A00837,Miguel,Torres,25,M,Medicina,7,8.96
A00838,Luis,Hernández,25,M,Medicina,1,9.93
A00839,Carlos,Martínez,25,F,Psicología,7,7.18
A00840,Luis,Martínez,28,F,Ingeniería,1,7.81
A00841,Luis,Ramírez,20,F,Economía,6,8.8
A00842,Sofía,López,18,M,Psicología,3,9.28
A00843,Luis,García,22,M,Psicología,1,6.17
A00844,Laura,Hernández,25,F,Economía,9,6.79
A00845,Laura,Ramírez,18,F,Medicina,1,7.44
A00846,Laura,Ramírez,21,M,Arquitectura,8,7.88
A00847,Ana,Pérez,29,F,Psicología,8,7.68
A00848,Sofía,Pérez,18,M,Arquitectura,4,8.61
A00849,Miguel,García,18,M,Ingeniería,2,6.75
A00850,Miguel,Torres,22,F,Medicina,4,6.0
A00851,Luis,Martínez,18,F,Medicina,1,7.68
A00852,Carlos,Torres,22,M,Economía,8,7.05
A00853,Sofía,Pérez,23,M,Derecho,6,9.71
A00854,Carlos,Martínez,28,M,Economía,5,9.34
A00855,Carlos,Torres,29,M,Ingeniería,8,7.67
A00856,Carlos,Hernández,25,F,Psicología,2,9.74
A00857,Ana,López,24,M,Psicología,7,9.2
A00858,Miguel,Martínez,28,F,Derecho,8,9.69
A00859,José,González,26,M,Psicología,2,9.46
A00860,Luis,Martínez,23,F,Medicina,8,7.2
A00861,Ana,García,28,M,Ingeniería,2,7.67
A00862,José,Pérez,25,F,Ingeniería,3,9.8
A00863,Luis,Pérez,20,M,Ingeniería,8,8.6
A00864,Luis,Martínez,28,F,Arquitectura,8,9.7
A00865,Luis,Torres,26,F,Arquitectura,8,7.49
A00866,Laura,García,19,F,Psicología,6,9.78
A00867,Laura,García,28,M,Economía,5,8.06
A00868,Carlos,Ramírez,28,M,Derecho,1,7.74
A00869,Laura,Ramírez,23,F,Ingeniería,4,8.17
A00870,Laura,González,18,F,Psicología,4,9.21
A00871,Carlos,Torres,28,F,Derecho,9,7.14
A00872,Sofía,García,21,M,Medicina,7,7.91
A00873,Luis,Hernández,23,F,Derecho,9,9.8
A00874,Ana,Hernández,24,F,Arquitectura,5,7.68
A00875,Carlos,Torres,26,M,Medicina,2,7.87
A00876,Laura,Torres,25,M,Economía,6,9.46
A00877,Luis,Hernández,19,F,Ingeniería,3,9.0
A00878,Sofía,Ramírez,23,F,Medicina,2,6.97
A00879,José,Ramírez,27,F,Psicología,7,6.63
A00880,Carlos,Hernández,24,M,Psicología,8,6.82
A00881,José,Pérez,24,M,Arquitectura,5,6.21
A00882,Carlos,González,28,F,Ingeniería,4,6.05
A00883,Ana,López,21,M,Derecho,2,8.05
A00884,Laura,Pérez,18,F,Ingeniería,6,7.73
A00885,Luis,Hernández,28,M,Arquitectura,1,9.19
A00886,Carlos,Torres,18,M,Derecho,9,8.9
A00887,José,Ramírez,29,M,Psicología,9,7.51
A00888,Laura,López,21,F,Derecho,5,6.62
A00889,Luis,Hernández,27,F,Medicina,9,9.58
A00890,Carlos,García,29,F,Arquitectura,2,7.74
A00891,Sofía,Torres,25,F,Medicina,2,6.01
A00892,María,Martínez,20,M,Psicología,7,7.92
A00893,Sofía,Torres,22,M,Derecho,3,7.73
A00894,Ana,Pérez,24,F,Ingeniería,5,6.4
A00895,Laura,Torres,28,F,Economía,9,7.94
A00896,María,García,25,M,Arquitectura,9,7.4
A00897,Laura,Ramírez,23,M,Derecho,1,6.95
A00898,Sofía,Hernández,22,M,Psicología,3,6.53
A00899,María,Ramírez,25,M,Derecho,8,6.02
A00900,José,Ramírez,21,F,Arquitectura,3,9.28
A00901,Luis,Pérez,19,F,Economía,9,8.25
A00902,Luis,Hernández,25,M,Arquitectura,4,7.46
A00903,José,Pérez,24,F,Medicina,3,8.37
A00904,Luis,Torres,25,F,Ingeniería,3,6.94
A00905,Carlos,Ramírez,24,M,Derecho,9,7.74
A00906,Luis,Pérez,22,M,Derecho,9,7.91
A00907,Carlos,López,25,F,Ingeniería,5,8.02
A00908,José,Martínez,18,M,Economía,2,8.04
A00909,José,Hernández,25,F,Psicología,8,7.42
A00910,Luis,Martínez,20,M,Arquitectura,8,7.72
A00911,José,Martínez,22,M,Derecho,3,7.22
A00912,Carlos,Hernández,18,M,Psicología,8,9.46
A00913,Miguel,García,20,M,Arquitectura,9,8.09
A00914,Luis,López,19,M,Medicina,5,7.88
A00915,José,González,29,M,Arquitectura,8,9.32
A00916,Miguel,Pérez,26,F,Derecho,1,9.5
A00917,Ana,Hernández,23,F,Medicina,8,8.94
A00918,Carlos,Hernández,26,F,Ingeniería,7,8.25
A00919,José,Torres,20,F,Psicología,2,7.62
A00920,José,Pérez,29,M,Derecho,4,9.92
A00921,Sofía,García,24,M,Ingeniería,6,8.33
A00922,Luis,García,27,M,Arquitectura,6,6.05
A00923,Carlos,García,25,M,Derecho,9,6.59
A00924,María,Martínez,25,M,Arquitectura,8,7.82
A00925,María,Ramírez,28,F,Derecho,9,6.12
A00926,Miguel,López,26,M,Psicología,2,9.96
A00927,Laura,Ramírez,24,F,Derecho,7,9.03
A00928,María,Hernández,28,F,Arquitectura,6,7.69
A00929,Sofía,González,24,F,Medicina,1,9.98
A00930,Luis,González,19,M,Arquitectura,2,7.36
A00931,María,Hernández,24,M,Derecho,4,8.68
A00932,Sofía,García,28,M,Medicina,6,7.23
A00933,Sofía,Pérez,27,F,Economía,8,9.13
A00934,Luis,García,20,M,Medicina,8,7.34
A00935,María,Ramírez,18,M,Psicología,3,9.58
A00936,María,Hernández,27,F,Ingeniería,3,6.37
A00937,Miguel,López,23,F,Ingeniería,7,9.07
A00938,José,Ramírez,26,M,Economía,6,6.7
A00939,José,Torres,20,F,Medicina,8,7.43
A00940,María,González,29,M,Arquitectura,3,9.91
A00941,Carlos,Pérez,20,M,Psicología,3,8.43
A00942,José,López,29,M,Medicina,3,6.17
A00943,Carlos,Ramírez,24,M,Ingeniería,4,7.51
A00944,Laura,López,29,F,Ingeniería,3,9.8
A00945,Laura,Pérez,22,F,Ingeniería,6,7.69
A00946,Carlos,Ramírez,23,F,Economía,8,8.86
A00947,Luis,Torres,28,M,Derecho,7,8.87
A00948,Miguel,Martínez,29,F,Derecho,6,8.97
A00949,Laura,Hernández,23,M,Economía,1,6.68
A00950,Ana,Torres,25,F,Medicina,4,6.13
A00951,Luis,González,29,F,Ingeniería,9,6.66
A00952,José,López,19,M,Ingeniería,5,7.43
A00953,Laura,Ramírez,25,F,Arquitectura,1,8.26
A00954,José,Ramírez,18,M,Economía,1,7.13
A00955,Miguel,Ramírez,20,F,Medicina,6,9.32
A00956,José,Torres,20,F,Psicología,7,8.23
A00957,Laura,Pérez,20,M,Ingeniería,9,7.25
A00958,Miguel,Pérez,25,F,Psicología,2,7.65
A00959,Sofía,López,29,M,Psicología,6,9.96
A00960,José,González,23,F,Ingeniería,1,7.01
A00961,José,Pérez,25,M,Economía,9,7.6
A00962,Carlos,González,29,M,Economía,5,7.27
A00963,Carlos,Hernández,23,M,Psicología,1,8.87
A00964,Laura,Torres,18,F,Arquitectura,2,9.48
A00965,Sofía,Torres,22,M,Arquitectura,3,9.23
A00966,Carlos,Pérez,21,M,Ingeniería,5,7.44
A00967,José,Torres,22,F,Arquitectura,6,8.3
A00968,Miguel,Ramírez,22,M,Arquitectura,5,6.84
A00969,Luis,Pérez,25,M,Ingeniería,6,8.73
A00970,Luis,Ramírez,27,F,Derecho,2,6.41
A00971,Miguel,Martínez,19,F,Psicología,8,7.42
A00972,José,Martínez,25,F,Economía,4,6.12
A00973,Luis,Hernández,29,M,Ingeniería,3,6.16
A00974,Luis,González,25,M,Arquitectura,2,6.62
A00975,Ana,García,20,F,Derecho,8,7.22
A00976,Laura,López,25,F,Ingeniería,4,6.78
A00977,Ana,López,25,F,Medicina,2,7.23
A00978,Sofía,López,28,M,Medicina,7,8.4
A00979,Luis,Pérez,21,F,Psicología,8,9.89
A00980,Carlos,Martínez,18,F,Medicina,8,8.69
A00981,Laura,Torres,21,M,Ingeniería,1,9.4
A00982,José,Ramírez,21,F,Economía,2,7.65
A00983,Miguel,García,22,M,Derecho,5,9.13
A00984,Carlos,López,26,M,Medicina,4,6.92
A00985,Luis,Pérez,26,F,Medicina,1,7.36
A00986,Miguel,Hernández,18,F,Medicina,2,6.89
A00987,Miguel,García,22,M,Psicología,3,9.8
A00988,Carlos,García,22,M,Ingeniería,9,6.2
A00989,Laura,García,27,F,Economía,7,7.85
A00990,Luis,López,20,M,Psicología,3,6.08
A00991,Miguel,López,28,M,Derecho,5,8.72
A00992,Laura,Hernández,24,M,Psicología,4,7.53
A00993,Sofía,López,18,M,Arquitectura,2,6.97
A00994,Carlos,Hernández,23,F,Derecho,1,6.63
A00995,Miguel,Torres,19,F,Medicina,6,7.5
A00996,Sofía,Pérez,25,F,Arquitectura,8,6.84
A00997,Carlos,González,22,M,Arquitectura,1,6.47
A00998,Luis,López,23,M,Medicina,5,7.9
A00999,José,López,18,M,Arquitectura,2,8.44
