,matricula,nombre,apellido,edad,genero,carrera,cuatrimestre,promedio,opinion
0,A00000,José,López,27,F,Derecho,5,9.2,Excelente
1,A00001,María,Hernández,18,M,Ingeniería,3,9.04,Excelente
2,A00002,Miguel,Martínez,29,F,Ingeniería,6,7.18,regular
3,A00003,Laura,Ramírez,26,F,Medicina,7,8.59,regular
4,A00004,Laura,Torres,18,M,Arquitectura,3,9.29,Excelente
5,A00005,Ana,González,24,M,Derecho,1,8.59,regular
6,A00006,María,Hernández,20,F,Medicina,1,6.14,regular
7,A00007,José,García,24,M,Derecho,3,7.06,regular
8,A00008,Luis,Torres,24,M,Derecho,2,8.29,regular
9,A00009,Carlos,Martínez,25,M,Arquitectura,2,6.16,regular
10,A00010,Miguel,Torres,18,F,Ingeniería,8,9.16,Excelente
11,A00011,Miguel,López,29,F,Economía,7,8.52,regular
12,A00012,Sofía,García,18,M,Arquitectura,4,9.38,Excelente
13,A00013,Carlos,Torres,27,F,Medicina,7,8.59,regular
14,A00014,Sofía,Martínez,25,F,Medicina,5,9.91,Excelente
15,A00015,José,Pérez,25,F,Arquitectura,7,8.32,regular
16,A00016,Laura,Ramírez,27,F,Medicina,1,8.33,regular
17,A00017,Sofía,Ramírez,22,M,Ingeniería,4,7.9,regular
18,A00018,Sofía,García,22,M,Derecho,9,8.45,regular
19,A00019,Laura,López,28,F,Derecho,3,9.29,Excelente
20,A00020,José,García,23,F,Ingeniería,4,6.04,regular
21,A00021,Luis,Ramírez,26,F,Psicología,4,6.53,regular
22,A00022,Ana,González,20,M,Psicología,9,7.71,regular
23,A00023,Laura,López,20,M,Psicología,9,8.29,regular
24,A00024,Ana,Torres,25,F,Psicología,2,7.29,regular
25,A00025,María,Ramírez,29,F,Medicina,4,6.03,regular
26,A00026,María,Martínez,25,F,Derecho,3,8.01,regular
27,A00027,Carlos,Hernández,26,F,Ingeniería,4,9.16,Excelente
28,A00028,Miguel,González,29,M,Psicología,1,9.4,Excelente
29,A00029,Ana,González,25,F,Ingeniería,8,7.22,regular
30,A00030,Ana,Pérez,20,F,Medicina,1,9.23,Excelente
31,A00031,Carlos,Martínez,18,F,Economía,2,7.07,regular
32,A00032,Laura,Pérez,29,M,Medicina,8,7.51,regular
33,A00033,Carlos,López,24,F,Derecho,6,8.68,regular
34,A00034,Sofía,Martínez,18,F,Medicina,7,7.17,regular
35,A00035,María,Hernández,26,M,Ingeniería,9,7.6,regular
36,A00036,Miguel,García,24,M,Arquitectura,5,7.33,regular
37,A00037,Miguel,González,27,F,Ingeniería,3,7.16,regular
38,A00038,Sofía,González,29,F,Psicología,2,9.77,Excelente
39,A00039,Miguel,López,25,M,Psicología,6,9.15,Excelente
40,A00040,Sofía,Ramírez,29,F,Medicina,5,8.16,regular
41,A00041,Carlos,González,19,M,Economía,8,8.2,regular
42,A00042,Miguel,Hernández,24,M,Medicina,9,9.99,Excelente
43,A00043,Carlos,Hernández,19,M,Economía,8,7.41,regular
44,A00044,Laura,Pérez,25,F,Derecho,3,8.03,regular
45,A00045,Luis,Ramírez,19,M,Ingeniería,5,8.1,regular
46,A00046,Luis,García,26,M,Derecho,2,9.45,Excelente
47,A00047,María,López,26,M,Medicina,2,9.89,Excelente
48,A00048,Ana,Martínez,26,F,Psicología,6,7.1,regular
49,A00049,Carlos,Pérez,18,F,Psicología,1,7.39,regular
50,A00050,Miguel,Ramírez,25,F,Psicología,2,9.41,Excelente
51,A00051,Miguel,Martínez,22,M,Derecho,7,7.49,regular
52,A00052,Carlos,Martínez,20,M,Economía,7,8.35,regular
53,A00053,Carlos,Pérez,25,M,Ingeniería,5,8.66,regular
54,A00054,Ana,Ramírez,27,F,Ingeniería,8,8.59,regular
55,A00055,Carlos,González,25,M,Derecho,8,6.58,regular
56,A00056,Miguel,López,21,M,Ingeniería,7,8.63,regular
57,A00057,José,García,24,M,Economía,7,7.39,regular
58,A00058,Carlos,García,25,M,Ingeniería,4,6.42,regular
59,A00059,María,Ramírez,27,F,Medicina,7,9.97,Excelente
60,A00060,Miguel,García,22,M,Medicina,4,7.28,regular
61,A00061,Sofía,González,29,F,Economía,7,8.78,regular
62,A00062,Miguel,García,26,M,Economía,6,8.95,regular
63,A00063,Sofía,López,28,M,Arquitectura,7,8.97,regular
64,A00064,Sofía,González,21,M,Arquitectura,5,8.0,regular
65,A00065,Sofía,López,18,F,Economía,5,6.26,regular
66,A00066,Sofía,Martínez,21,M,Psicología,4,7.73,regular
67,A00067,María,López,26,M,Derecho,6,7.45,regular
68,A00068,María,López,26,F,Ingeniería,5,7.53,regular
69,A00069,María,González,18,M,Ingeniería,9,6.15,regular
70,A00070,Luis,López,27,M,Arquitectura,1,8.1,regular
71,A00071,José,Torres,23,M,Arquitectura,9,8.66,regular
72,A00072,José,García,27,F,Medicina,5,9.94,Excelente
73,A00073,María,García,25,F,Economía,8,7.33,regular
74,A00074,Laura,García,19,F,Arquitectura,1,7.98,regular
75,A00075,Laura,Pérez,22,M,Medicina,6,7.18,regular
76,A00076,José,Torres,23,F,Psicología,1,7.61,regular
77,A00077,Sofía,López,18,F,Arquitectura,3,7.15,regular
78,A00078,Luis,Ramírez,23,F,Arquitectura,7,8.03,regular
79,A00079,Miguel,González,21,M,Arquitectura,6,7.89,regular
80,A00080,Luis,González,26,M,Arquitectura,6,9.34,Excelente
81,A00081,José,Martínez,26,F,Derecho,1,6.03,regular
82,A00082,Sofía,Martínez,27,F,Psicología,4,6.82,regular
83,A00083,Laura,Pérez,24,F,Ingeniería,4,7.21,regular
84,A00084,María,González,26,M,Economía,7,7.34,regular
85,A00085,Ana,Pérez,29,F,Medicina,4,8.53,regular
86,A00086,Luis,González,25,M,Arquitectura,5,7.88,regular
87,A00087,Carlos,González,28,F,Ingeniería,1,8.62,regular
88,A00088,Sofía,García,18,F,Psicología,9,8.89,regular
89,A00089,Luis,Martínez,25,M,Medicina,6,8.89,regular
90,A00090,Laura,Martínez,18,F,Derecho,6,8.6,regular
91,A00091,Carlos,González,21,M,Medicina,4,7.29,regular
92,A00092,Laura,Hernández,27,F,Psicología,7,6.33,regular
93,A00093,Luis,Martínez,19,F,Medicina,8,8.09,regular
94,A00094,Luis,Torres,23,M,Psicología,7,9.19,Excelente
95,A00095,Ana,Hernández,28,M,Derecho,9,6.41,regular
96,A00096,Luis,Pérez,20,F,Psicología,6,9.14,Excelente
97,A00097,Laura,López,18,F,Arquitectura,5,7.75,regular
98,A00098,María,Martínez,27,M,Derecho,1,8.64,regular
99,A00099,María,Torres,29,F,Economía,2,6.91,regular
100,A00100,Laura,Hernández,18,F,Derecho,2,6.68,regular
101,A00101,José,Ramírez,19,M,Arquitectura,7,6.65,regular
102,A00102,Laura,López,21,M,Ingeniería,4,8.42,regular
103,A00103,Sofía,Pérez,29,F,Economía,4,9.45,Excelente
104,A00104,Miguel,García,18,M,Economía,1,9.47,Excelente
105,A00105,Carlos,Hernández,22,M,Ingeniería,6,6.56,regular
106,A00106,Ana,Pérez,20,M,Arquitectura,4,6.78,regular
107,A00107,María,Torres,21,F,Psicología,4,8.23,regular
108,A00108,María,Martínez,29,F,Ingeniería,3,9.0,regular
109,A00109,Luis,Hernández,27,M,Economía,2,9.75,Excelente
110,A00110,Laura,López,26,M,Medicina,1,9.49,Excelente
111,A00111,Luis,González,29,F,Economía,1,8.34,regular
112,A00112,Ana,Ramírez,23,F,Psicología,4,9.82,Excelente
113,A00113,Luis,Torres,27,F,Arquitectura,3,7.34,regular
114,A00114,María,Torres,28,F,Arquitectura,5,9.72,Excelente
115,A00115,Carlos,Torres,25,F,Derecho,2,6.04,regular
116,A00116,José,González,27,F,Ingeniería,3,6.43,regular
117,A00117,Miguel,García,26,M,Ingeniería,5,7.17,regular
118,A00118,Sofía,Hernández,23,F,Arquitectura,7,7.91,regular
119,A00119,Luis,González,28,M,Economía,9,9.7,Excelente
120,A00120,Miguel,González,25,M,Medicina,1,7.9,regular
121,A00121,Sofía,Hernández,23,M,Psicología,3,8.78,regular
122,A00122,María,García,18,M,Arquitectura,5,6.25,regular
123,A00123,Laura,García,21,F,Economía,3,9.64,Excelente
124,A00124,Ana,Pérez,24,F,Psicología,6,9.88,Excelente
125,A00125,Ana,Torres,23,F,Economía,3,6.78,regular
126,A00126,Sofía,González,25,F,Derecho,3,8.37,regular
127,A00127,Miguel,García,26,F,Arquitectura,7,7.6,regular
128,A00128,María,López,23,M,Psicología,8,7.15,regular
129,A00129,Luis,Martínez,24,M,Psicología,6,8.31,regular
130,A00130,Ana,González,23,F,Economía,9,6.24,regular
131,A00131,Sofía,Torres,24,F,Economía,3,8.26,regular
132,A00132,José,Torres,28,M,Psicología,2,9.33,Excelente
133,A00133,Sofía,Hernández,21,M,Derecho,6,9.8,Excelente
134,A00134,Luis,Pérez,28,M,Psicología,5,8.0,regular
135,A00135,Laura,González,18,M,Arquitectura,9,8.02,regular
136,A00136,Luis,López,27,M,Derecho,9,9.34,Excelente
137,A00137,Carlos,Martínez,19,M,Economía,9,7.11,regular
138,A00138,Laura,Ramírez,25,F,Medicina,3,7.53,regular
139,A00139,Carlos,González,28,M,Ingeniería,5,8.81,regular
140,A00140,Miguel,García,18,M,Economía,2,9.71,Excelente
141,A00141,Luis,Torres,23,F,Medicina,6,6.92,regular
142,A00142,Sofía,Torres,18,M,Psicología,2,6.19,regular
143,A00143,Sofía,Ramírez,26,F,Derecho,6,7.13,regular
144,A00144,Laura,Hernández,21,M,Derecho,3,6.9,regular
145,A00145,Luis,Hernández,18,F,Psicología,5,8.66,regular
146,A00146,Luis,López,21,F,Psicología,9,7.19,regular
147,A00147,María,González,21,M,Derecho,8,8.87,regular
148,A00148,Sofía,García,26,M,Psicología,5,8.45,regular
149,A00149,Luis,Pérez,19,M,Medicina,1,7.34,regular
150,A00150,Luis,Martínez,23,F,Psicología,5,8.34,regular
151,A00151,José,López,24,M,Ingeniería,5,7.29,regular
152,A00152,Sofía,López,29,M,Economía,2,9.03,Excelente
153,A00153,Ana,González,23,F,Ingeniería,1,7.99,regular
154,A00154,Laura,Ramírez,18,F,Psicología,8,9.97,Excelente
155,A00155,Luis,González,19,M,Arquitectura,9,9.07,Excelente
156,A00156,Laura,García,29,F,Psicología,6,6.2,regular
157,A00157,María,González,18,M,Arquitectura,4,8.48,regular
158,A00158,Sofía,Torres,25,F,Medicina,3,9.89,Excelente
159,A00159,Laura,García,24,M,Arquitectura,8,8.8,regular
160,A00160,Ana,García,21,F,Derecho,5,8.96,regular
161,A00161,José,Martínez,27,F,Arquitectura,3,7.48,regular
162,A00162,Laura,Ramírez,28,M,Psicología,4,9.96,Excelente
163,A00163,Ana,Ramírez,24,F,Ingeniería,5,7.18,regular
164,A00164,Laura,Pérez,26,F,Derecho,1,7.56,regular
165,A00165,Luis,Hernández,23,F,Economía,3,9.05,Excelente
166,A00166,Ana,Martínez,19,F,Medicina,8,9.2,Excelente
167,A00167,Miguel,López,18,F,Economía,8,9.38,Excelente
168,A00168,Laura,Ramírez,29,F,Medicina,5,6.92,regular
169,A00169,María,Pérez,20,M,Economía,7,8.21,regular
170,A00170,María,Ramírez,21,M,Medicina,1,6.58,regular
171,A00171,Miguel,Torres,20,F,Economía,2,7.23,regular
172,A00172,José,Ramírez,21,M,Arquitectura,4,9.36,Excelente
173,A00173,Laura,Pérez,26,F,Derecho,8,6.48,regular
174,A00174,Miguel,Pérez,20,F,Economía,8,9.86,Excelente
175,A00175,Sofía,Pérez,22,F,Psicología,8,9.9,Excelente
176,A00176,Miguel,Martínez,26,M,Ingeniería,6,9.33,Excelente
177,A00177,Laura,López,19,F,Derecho,7,7.9,regular
178,A00178,María,González,27,M,Economía,1,9.89,Excelente
179,A00179,Ana,Torres,21,F,Psicología,7,9.98,Excelente
180,A00180,José,Martínez,25,M,Ingeniería,5,7.4,regular
181,A00181,Carlos,González,25,F,Psicología,5,7.68,regular
182,A00182,Miguel,Martínez,20,F,Medicina,2,7.63,regular
183,A00183,Sofía,López,24,M,Arquitectura,8,8.31,regular
184,A00184,Sofía,Torres,29,M,Economía,4,8.87,regular
185,A00185,Carlos,García,24,F,Ingeniería,2,8.27,regular
186,A00186,Carlos,González,22,F,Economía,7,9.61,Excelente
187,A00187,José,Hernández,27,F,Arquitectura,6,8.05,regular
188,A00188,María,López,20,M,Economía,4,8.06,regular
189,A00189,María,Hernández,22,M,Medicina,6,6.51,regular
190,A00190,Carlos,González,20,M,Ingeniería,2,6.55,regular
191,A00191,Ana,Ramírez,19,M,Ingeniería,9,9.35,Excelente
192,A00192,Sofía,López,29,M,Medicina,4,7.49,regular
193,A00193,Laura,García,21,F,Economía,8,6.56,regular
194,A00194,Luis,Pérez,22,F,Derecho,1,6.82,regular
195,A00195,Laura,Pérez,26,M,Psicología,6,9.98,Excelente
196,A00196,Sofía,Ramírez,26,F,Psicología,6,9.63,Excelente
197,A00197,Miguel,Pérez,27,M,Ingeniería,5,9.13,Excelente
198,A00198,José,Pérez,20,M,Derecho,2,8.65,regular
199,A00199,Miguel,Ramírez,27,M,Psicología,5,7.31,regular
200,A00200,María,Martínez,27,M,Arquitectura,1,6.46,regular
201,A00201,José,Ramírez,26,M,Derecho,9,8.64,regular
202,A00202,Sofía,Ramírez,24,M,Arquitectura,9,6.81,regular
203,A00203,Laura,Hernández,29,M,Derecho,6,8.13,regular
204,A00204,Sofía,García,28,F,Derecho,7,8.15,regular
205,A00205,Sofía,Pérez,27,F,Economía,5,9.16,Excelente
206,A00206,José,Hernández,21,F,Arquitectura,8,7.88,regular
207,A00207,Sofía,Torres,25,M,Medicina,5,8.33,regular
208,A00208,José,Torres,19,F,Psicología,1,9.0,regular
209,A00209,Luis,García,23,F,Derecho,9,7.18,regular
210,A00210,Sofía,Martínez,29,M,Ingeniería,5,9.85,Excelente
211,A00211,Ana,Torres,21,M,Economía,2,9.03,Excelente
212,A00212,Sofía,García,29,F,Economía,4,7.8,regular
213,A00213,Ana,González,28,M,Ingeniería,7,8.29,regular
214,A00214,José,Ramírez,19,M,Ingeniería,1,9.68,Excelente
215,A00215,Carlos,Martínez,25,F,Psicología,8,7.48,regular
216,A00216,María,Hernández,27,F,Arquitectura,6,6.51,regular
217,A00217,Carlos,Torres,22,F,Psicología,2,8.98,regular
218,A00218,Laura,Martínez,29,M,Economía,6,8.39,regular
219,A00219,Laura,Pérez,22,M,Derecho,3,9.95,Excelente
220,A00220,Luis,Pérez,27,F,Ingeniería,7,9.05,Excelente
221,A00221,Ana,Martínez,25,M,Derecho,9,6.73,regular
222,A00222,Miguel,López,26,M,Derecho,1,6.64,regular
223,A00223,María,Pérez,23,F,Arquitectura,9,9.91,Excelente
224,A00224,María,Martínez,27,F,Derecho,6,6.48,regular
225,A00225,Laura,Torres,26,F,Ingeniería,3,8.02,regular
226,A00226,Ana,González,19,M,Medicina,6,9.95,Excelente
227,A00227,Miguel,García,21,M,Arquitectura,2,6.33,regular
228,A00228,Miguel,Pérez,23,M,Medicina,6,7.24,regular
229,A00229,Ana,López,25,F,Arquitectura,8,7.13,regular
230,A00230,Luis,Martínez,18,M,Economía,1,8.3,regular
231,A00231,Laura,López,25,M,Derecho,6,9.67,Excelente
232,A00232,Luis,Martínez,23,F,Derecho,7,6.13,regular
233,A00233,Carlos,García,18,M,Economía,4,8.6,regular
234,A00234,Miguel,Hernández,21,M,Psicología,1,8.89,regular
235,A00235,Luis,García,26,F,Economía,9,7.33,regular
236,A00236,Carlos,Pérez,19,F,Ingeniería,7,8.02,regular
237,A00237,María,Hernández,24,F,Arquitectura,7,6.79,regular
238,A00238,Carlos,Martínez,29,M,Ingeniería,7,6.62,regular
239,A00239,José,Hernández,28,M,Economía,4,8.06,regular
240,A00240,Laura,González,23,M,Psicología,2,6.52,regular
241,A00241,Laura,Martínez,29,F,Medicina,5,6.74,regular
242,A00242,Luis,Pérez,29,M,Arquitectura,2,9.67,Excelente
243,A00243,Ana,Hernández,21,M,Medicina,1,7.52,regular
244,A00244,Miguel,Ramírez,25,M,Medicina,6,7.13,regular
245,A00245,Sofía,García,21,F,Psicología,7,7.63,regular
246,A00246,José,Pérez,24,M,Medicina,6,6.07,regular
247,A00247,Ana,Pérez,21,F,Arquitectura,3,9.79,Excelente
248,A00248,Miguel,Hernández,25,F,Derecho,2,7.17,regular
249,A00249,Sofía,Ramírez,18,F,Medicina,1,8.52,regular
250,A00250,Ana,Pérez,25,F,Economía,1,9.82,Excelente
251,A00251,Sofía,García,28,M,Ingeniería,2,7.94,regular
252,A00252,José,Pérez,18,M,Derecho,4,6.72,regular
253,A00253,María,López,27,M,Psicología,8,7.08,regular
254,A00254,María,Hernández,25,M,Economía,6,7.2,regular
255,A00255,Sofía,López,24,F,Psicología,4,7.08,regular
256,A00256,Ana,Hernández,19,F,Arquitectura,9,6.6,regular
257,A00257,Sofía,López,23,F,Derecho,5,7.74,regular
258,A00258,Sofía,González,22,F,Psicología,5,8.1,regular
259,A00259,Carlos,Martínez,25,F,Derecho,7,9.64,Excelente
260,A00260,Luis,Ramírez,23,M,Ingeniería,8,9.95,Excelente
261,A00261,José,Hernández,19,M,Economía,8,8.18,regular
262,A00262,Luis,Martínez,19,M,Psicología,4,6.95,regular
263,A00263,María,Ramírez,28,F,Economía,9,7.29,regular
264,A00264,Sofía,González,29,M,Medicina,5,6.9,regular
265,A00265,Luis,González,23,F,Derecho,7,9.44,Excelente
266,A00266,Ana,López,23,F,Psicología,7,9.11,Excelente
267,A00267,Carlos,García,28,M,Ingeniería,3,6.45,regular
268,A00268,Sofía,Pérez,26,F,Ingeniería,5,6.1,regular
269,A00269,Laura,González,19,F,Arquitectura,7,6.24,regular
270,A00270,José,López,19,M,Medicina,4,9.87,Excelente
271,A00271,Carlos,Martínez,29,F,Derecho,5,6.18,regular
272,A00272,María,Hernández,21,M,Arquitectura,6,7.26,regular
273,A00273,Miguel,García,24,F,Derecho,1,7.9,regular
274,A00274,Laura,Pérez,25,M,Medicina,1,9.34,Excelente
275,A00275,Sofía,García,27,M,Ingeniería,3,7.43,regular
276,A00276,Sofía,González,20,M,Ingeniería,6,6.83,regular
277,A00277,Luis,Hernández,29,F,Ingeniería,2,7.28,regular
278,A00278,Ana,Pérez,20,F,Psicología,1,6.69,regular
279,A00279,Ana,García,19,M,Medicina,9,6.12,regular
280,A00280,María,Martínez,29,F,Ingeniería,9,6.97,regular
281,A00281,Sofía,Hernández,18,F,Ingeniería,9,6.47,regular
282,A00282,Ana,García,27,M,Economía,4,8.51,regular
283,A00283,Miguel,Ramírez,23,M,Psicología,3,9.53,Excelente
284,A00284,Carlos,Ramírez,20,M,Arquitectura,5,7.97,regular
285,A00285,Sofía,González,20,F,Economía,5,8.27,regular
286,A00286,José,Hernández,18,M,Derecho,4,8.93,regular
287,A00287,Sofía,Torres,26,M,Derecho,4,8.8,regular
288,A00288,Miguel,Martínez,20,F,Arquitectura,2,6.21,regular
289,A00289,Ana,Martínez,26,F,Psicología,4,7.4,regular
290,A00290,Laura,Torres,29,M,Arquitectura,8,7.19,regular
291,A00291,Miguel,Torres,22,M,Derecho,7,6.73,regular
292,A00292,José,González,19,F,Psicología,6,6.73,regular
293,A00293,Ana,Hernández,20,F,Arquitectura,7,6.88,regular
294,A00294,Ana,Hernández,28,M,Medicina,7,6.58,regular
295,A00295,Carlos,García,27,F,Ingeniería,6,8.4,regular
296,A00296,Miguel,Torres,22,F,Psicología,6,9.09,Excelente
297,A00297,José,Hernández,25,F,Ingeniería,6,7.12,regular
298,A00298,Carlos,González,29,F,Medicina,4,8.21,regular
299,A00299,Luis,González,24,F,Arquitectura,4,9.13,Excelente
300,A00300,María,Hernández,19,F,Economía,7,7.79,regular
301,A00301,Sofía,Hernández,27,M,Psicología,8,6.99,regular
302,A00302,María,Ramírez,28,F,Ingeniería,5,7.6,regular
303,A00303,José,Martínez,19,F,Economía,1,6.64,regular
304,A00304,Carlos,Ramírez,27,F,Psicología,5,6.09,regular
305,A00305,José,Martínez,20,M,Economía,2,9.44,Excelente
306,A00306,José,Martínez,21,F,Ingeniería,6,9.63,Excelente
307,A00307,Ana,Ramírez,23,M,Ingeniería,9,9.93,Excelente
308,A00308,Sofía,Ramírez,21,F,Economía,8,8.76,regular
309,A00309,José,Martínez,28,F,Psicología,9,6.35,regular
310,A00310,Sofía,Hernández,19,M,Arquitectura,3,9.55,Excelente
311,A00311,María,Pérez,28,M,Economía,1,9.91,Excelente
312,A00312,Carlos,López,20,M,Psicología,8,9.4,Excelente
313,A00313,José,Pérez,18,F,Ingeniería,7,8.52,regular
314,A00314,Laura,Martínez,24,M,Derecho,2,8.07,regular
315,A00315,María,Hernández,26,M,Derecho,7,6.11,regular
316,A00316,Laura,Torres,24,M,Arquitectura,5,8.88,regular
317,A00317,María,Pérez,23,F,Psicología,7,8.76,regular
318,A00318,Laura,González,19,M,Psicología,4,6.77,regular
319,A00319,Miguel,Torres,27,F,Economía,6,7.14,regular
320,A00320,María,Martínez,18,F,Derecho,5,8.7,regular
321,A00321,Laura,García,19,F,Ingeniería,2,8.93,regular
322,A00322,Ana,Torres,21,F,Derecho,4,6.08,regular
323,A00323,Sofía,Torres,23,F,Psicología,1,8.27,regular
324,A00324,Miguel,Martínez,23,M,Economía,6,7.79,regular
325,A00325,Luis,Ramírez,24,M,Psicología,8,6.4,regular
326,A00326,Laura,Pérez,28,F,Economía,7,7.85,regular
327,A00327,Laura,López,28,F,Medicina,5,9.26,Excelente
328,A00328,Ana,López,21,F,Medicina,1,8.55,regular
329,A00329,Ana,Torres,24,F,Arquitectura,6,9.46,Excelente
330,A00330,María,Pérez,27,F,Medicina,1,8.35,regular
331,A00331,Sofía,Pérez,20,F,Medicina,1,8.78,regular
332,A00332,Miguel,Hernández,20,M,Economía,3,9.76,Excelente
333,A00333,Laura,Hernández,22,F,Derecho,3,7.16,regular
334,A00334,Ana,González,20,M,Psicología,6,7.36,regular
335,A00335,Laura,García,29,F,Economía,5,9.95,Excelente
336,A00336,Laura,González,23,M,Derecho,2,6.7,regular
337,A00337,José,Ramírez,20,F,Psicología,3,9.22,Excelente
338,A00338,Miguel,García,25,M,Ingeniería,3,7.65,regular
339,A00339,Ana,García,22,F,Medicina,1,9.1,Excelente
340,A00340,Luis,Torres,24,F,Medicina,5,6.36,regular
341,A00341,Miguel,Torres,19,M,Psicología,6,8.99,regular
342,A00342,Ana,González,29,M,Psicología,1,9.2,Excelente
343,A00343,Ana,Pérez,21,F,Psicología,7,8.47,regular
344,A00344,María,Pérez,18,F,Economía,1,9.08,Excelente
345,A00345,Luis,López,28,F,Arquitectura,3,6.87,regular
346,A00346,Ana,Hernández,29,M,Ingeniería,5,6.45,regular
347,A00347,Luis,González,19,F,Arquitectura,1,7.14,regular
348,A00348,Miguel,Torres,26,M,Derecho,5,6.44,regular
349,A00349,Miguel,González,22,M,Ingeniería,7,7.07,regular
350,A00350,Laura,López,26,F,Medicina,1,6.25,regular
351,A00351,Miguel,Hernández,24,M,Medicina,9,9.46,Excelente
352,A00352,Sofía,López,22,M,Derecho,4,9.38,Excelente
353,A00353,Miguel,González,19,F,Psicología,8,6.99,regular
354,A00354,Laura,Ramírez,29,F,Derecho,4,7.59,regular
355,A00355,Miguel,Torres,27,F,Medicina,7,6.62,regular
356,A00356,Miguel,Hernández,25,F,Ingeniería,5,9.65,Excelente
357,A00357,José,García,23,F,Medicina,5,9.29,Excelente
358,A00358,María,González,28,M,Derecho,6,7.68,regular
359,A00359,Sofía,Pérez,22,F,Psicología,2,9.14,Excelente
360,A00360,María,González,25,M,Economía,2,9.22,Excelente
361,A00361,José,Martínez,25,F,Arquitectura,1,8.55,regular
362,A00362,Laura,Torres,21,M,Ingeniería,9,6.93,regular
363,A00363,José,Ramírez,22,F,Medicina,8,7.6,regular
364,A00364,Ana,Torres,23,F,Medicina,7,9.9,Excelente
365,A00365,Ana,Hernández,27,M,Economía,6,7.38,regular
366,A00366,María,Martínez,18,F,Medicina,2,8.01,regular
367,A00367,Sofía,Ramírez,29,F,Psicología,5,7.97,regular
368,A00368,Luis,López,26,F,Economía,4,6.05,regular
369,A00369,Carlos,Martínez,19,M,Arquitectura,4,8.76,regular
370,A00370,Luis,Pérez,26,F,Arquitectura,4,6.82,regular
371,A00371,Luis,Torres,23,F,Arquitectura,6,7.15,regular
372,A00372,Luis,López,29,F,Medicina,2,8.23,regular
373,A00373,Sofía,Hernández,27,M,Medicina,6,8.53,regular
374,A00374,Carlos,Torres,24,M,Psicología,6,9.81,Excelente
375,A00375,Ana,Martínez,29,M,Ingeniería,3,6.4,regular
376,A00376,María,Ramírez,19,M,Psicología,7,7.89,regular
377,A00377,Sofía,López,21,F,Ingeniería,1,6.91,regular
378,A00378,María,Torres,19,M,Derecho,6,7.1,regular
379,A00379,Luis,Ramírez,28,F,Arquitectura,3,6.44,regular
380,A00380,Miguel,González,28,F,Economía,9,7.78,regular
381,A00381,María,Martínez,21,F,Derecho,5,9.21,Excelente
382,A00382,María,Martínez,18,F,Medicina,2,7.65,regular
383,A00383,Ana,López,26,M,Economía,7,7.25,regular
384,A00384,José,López,18,F,Ingeniería,2,8.45,regular
385,A00385,José,Pérez,25,F,Ingeniería,2,8.91,regular
386,A00386,Ana,Martínez,18,M,Derecho,8,8.18,regular
387,A00387,José,Torres,21,F,Ingeniería,6,6.65,regular
388,A00388,Ana,López,22,M,Arquitectura,1,6.17,regular
389,A00389,Luis,Ramírez,22,F,Medicina,6,7.42,regular
390,A00390,María,García,24,M,Medicina,2,6.49,regular
391,A00391,Miguel,Martínez,23,M,Economía,4,7.4,regular
392,A00392,José,López,29,M,Economía,3,7.35,regular
393,A00393,Miguel,Pérez,22,F,Medicina,1,9.82,Excelente
394,A00394,José,González,21,F,Psicología,2,8.16,regular
395,A00395,Carlos,Torres,29,F,Ingeniería,5,8.74,regular
396,A00396,María,López,18,M,Economía,7,7.68,regular
397,A00397,Luis,Hernández,28,M,Arquitectura,8,7.6,regular
398,A00398,Ana,García,23,M,Psicología,4,9.88,Excelente
399,A00399,Luis,Pérez,27,F,Derecho,9,8.08,regular
400,A00400,Luis,Pérez,20,F,Ingeniería,7,7.45,regular
401,A00401,Carlos,López,22,F,Derecho,7,9.5,Excelente
402,A00402,Miguel,Hernández,24,F,Arquitectura,4,6.19,regular
403,A00403,María,Martínez,20,M,Arquitectura,4,8.05,regular
404,A00404,Luis,López,20,F,Medicina,3,6.24,regular
405,A00405,Laura,López,24,M,Psicología,3,8.14,regular
406,A00406,José,García,26,F,Arquitectura,9,9.88,Excelente
407,A00407,Miguel,García,18,F,Economía,6,8.99,regular
408,A00408,María,Pérez,29,F,Psicología,7,6.53,regular
409,A00409,Laura,Ramírez,20,F,Arquitectura,5,7.77,regular
410,A00410,Miguel,García,24,M,Psicología,8,7.23,regular
411,A00411,José,Ramírez,26,F,Medicina,2,9.75,Excelente
412,A00412,Carlos,Martínez,21,M,Economía,8,9.73,Excelente
413,A00413,Luis,Hernández,28,M,Economía,8,7.13,regular
414,A00414,Miguel,García,29,F,Arquitectura,6,8.32,regular
415,A00415,Sofía,González,20,M,Economía,6,8.23,regular
416,A00416,Ana,Torres,26,M,Ingeniería,8,6.87,regular
417,A00417,Ana,García,18,M,Arquitectura,5,7.98,regular
418,A00418,José,Ramírez,22,M,Arquitectura,8,8.64,regular
419,A00419,José,García,28,F,Derecho,5,6.75,regular
420,A00420,José,Torres,24,M,Economía,5,9.83,Excelente
421,A00421,Sofía,García,24,F,Derecho,6,8.88,regular
422,A00422,José,Hernández,28,F,Economía,7,6.06,regular
423,A00423,María,Hernández,27,M,Medicina,2,6.39,regular
424,A00424,Carlos,García,25,M,Medicina,9,9.47,Excelente
425,A00425,Miguel,Ramírez,19,F,Psicología,8,9.92,Excelente
426,A00426,José,García,19,M,Ingeniería,4,6.8,regular
427,A00427,Carlos,López,25,F,Arquitectura,3,7.44,regular
428,A00428,Carlos,González,26,F,Medicina,2,7.75,regular
429,A00429,Luis,López,20,F,Arquitectura,5,8.38,regular
430,A00430,Sofía,López,21,M,Arquitectura,6,9.48,Excelente
431,A00431,Laura,Hernández,25,M,Arquitectura,5,7.2,regular
432,A00432,Laura,Hernández,29,M,Psicología,4,6.57,regular
433,A00433,Miguel,Pérez,25,F,Derecho,5,7.86,regular
434,A00434,Ana,Torres,29,M,Arquitectura,2,8.53,regular
435,A00435,Sofía,García,19,M,Economía,4,7.27,regular
436,A00436,Miguel,Ramírez,26,M,Arquitectura,6,7.89,regular
437,A00437,Sofía,Hernández,22,M,Derecho,4,9.33,Excelente
438,A00438,Ana,García,27,M,Derecho,8,7.34,regular
439,A00439,Luis,Martínez,22,M,Ingeniería,6,7.69,regular
440,A00440,Laura,García,23,F,Psicología,6,6.37,regular
441,A00441,Laura,Pérez,24,F,Arquitectura,1,8.24,regular
442,A00442,Sofía,Ramírez,18,M,Arquitectura,6,7.5,regular
443,A00443,Luis,García,23,F,Economía,4,6.06,regular
444,A00444,Ana,Torres,25,F,Ingeniería,5,6.72,regular
445,A00445,Ana,Hernández,19,F,Medicina,4,8.72,regular
446,A00446,Laura,González,22,F,Medicina,7,7.65,regular
447,A00447,Luis,Ramírez,21,F,Medicina,2,7.71,regular
448,A00448,Ana,González,20,F,Arquitectura,5,6.11,regular
449,A00449,María,López,19,M,Derecho,1,8.61,regular
450,A00450,José,Pérez,20,M,Psicología,7,7.41,regular
451,A00451,Luis,Hernández,27,M,Ingeniería,6,8.15,regular
452,A00452,José,Hernández,26,F,Psicología,2,8.31,regular
453,A00453,Sofía,López,22,M,Arquitectura,7,7.61,regular
454,A00454,Miguel,López,23,M,Medicina,3,8.69,regular
455,A00455,Laura,Ramírez,25,F,Derecho,2,7.38,regular
456,A00456,Luis,González,20,F,Psicología,2,6.48,regular
457,A00457,Sofía,Ramírez,20,F,Psicología,3,8.78,regular
458,A00458,Miguel,Martínez,29,F,Derecho,5,8.75,regular
459,A00459,María,Martínez,23,M,Derecho,7,8.83,regular
460,A00460,Miguel,García,20,F,Arquitectura,4,9.78,Excelente
461,A00461,Sofía,García,29,F,Ingeniería,5,6.32,regular
462,A00462,María,López,22,F,Ingeniería,7,8.32,regular
463,A00463,Ana,Ramírez,23,M,Economía,7,7.77,regular
464,A00464,José,Martínez,20,F,Medicina,6,8.93,regular
465,A00465,Ana,González,21,F,Economía,8,8.92,regular
466,A00466,Carlos,Ramírez,29,M,Medicina,3,6.66,regular
467,A00467,María,García,19,F,Ingeniería,2,7.88,regular
468,A00468,María,Hernández,24,F,Psicología,1,9.78,Excelente
469,A00469,Laura,González,23,M,Arquitectura,6,6.78,regular
470,A00470,José,Torres,20,M,Medicina,1,8.23,regular
471,A00471,Miguel,Pérez,21,M,Arquitectura,2,8.32,regular
472,A00472,Carlos,Ramírez,28,M,Psicología,4,6.47,regular
473,A00473,Carlos,López,25,F,Medicina,2,6.73,regular
474,A00474,Luis,López,20,M,Economía,2,7.25,regular
475,A00475,Sofía,Torres,23,F,Derecho,6,8.69,regular
476,A00476,Ana,López,28,F,Ingeniería,8,6.87,regular
477,A00477,Miguel,Torres,18,F,Medicina,1,6.85,regular
478,A00478,Luis,González,24,M,Arquitectura,4,8.64,regular
479,A00479,Miguel,Torres,29,F,Economía,5,9.43,Excelente
480,A00480,Sofía,Martínez,29,F,Ingeniería,2,8.22,regular
481,A00481,Laura,Martínez,24,F,Psicología,1,9.34,Excelente
482,A00482,José,Hernández,22,F,Medicina,8,7.17,regular
483,A00483,Miguel,Ramírez,23,F,Psicología,6,8.49,regular
484,A00484,María,López,24,M,Arquitectura,6,8.47,regular
485,A00485,María,López,20,M,Arquitectura,6,7.02,regular
486,A00486,Laura,González,21,M,Economía,7,7.62,regular
487,A00487,Miguel,Torres,18,M,Ingeniería,6,9.16,Excelente
488,A00488,Sofía,González,29,F,Derecho,3,9.91,Excelente
489,A00489,José,García,27,M,Medicina,8,8.0,regular
490,A00490,Luis,Hernández,27,F,Arquitectura,8,9.77,Excelente
491,A00491,Carlos,López,19,F,Psicología,2,6.81,regular
492,A00492,Ana,Martínez,24,M,Ingeniería,2,7.86,regular
493,A00493,Laura,García,25,F,Psicología,6,8.6,regular
494,A00494,Laura,López,26,M,Psicología,2,8.39,regular
495,A00495,Sofía,Torres,22,M,Psicología,6,8.36,regular
496,A00496,Carlos,Torres,19,M,Psicología,2,7.53,regular
497,A00497,Luis,González,23,F,Medicina,4,9.08,Excelente
498,A00498,Ana,Pérez,22,M,Ingeniería,3,9.4,Excelente
499,A00499,Laura,Torres,18,M,Medicina,1,6.44,regular
500,A00500,Ana,Pérez,28,F,Psicología,7,6.91,regular
501,A00501,Ana,Martínez,23,M,Arquitectura,6,9.56,Excelente
502,A00502,José,Torres,19,M,Medicina,2,8.78,regular
503,A00503,José,Torres,25,F,Ingeniería,6,8.05,regular
504,A00504,José,González,22,M,Psicología,2,7.67,regular
505,A00505,María,Torres,24,F,Derecho,1,9.33,Excelente
506,A00506,José,Pérez,19,M,Ingeniería,9,7.7,regular
507,A00507,Luis,Pérez,21,F,Ingeniería,4,6.4,regular
508,A00508,Luis,Martínez,22,M,Medicina,2,9.09,Excelente
509,A00509,Sofía,García,18,M,Arquitectura,4,7.09,regular
510,A00510,Carlos,Pérez,20,F,Arquitectura,1,9.68,Excelente
511,A00511,Miguel,García,21,M,Economía,4,7.0,regular
512,A00512,Sofía,Ramírez,22,M,Ingeniería,8,7.61,regular
513,A00513,María,Pérez,28,F,Derecho,1,8.11,regular
514,A00514,Carlos,Torres,19,F,Medicina,2,6.93,regular
515,A00515,Ana,Martínez,29,M,Psicología,2,6.07,regular
516,A00516,María,Martínez,20,M,Economía,4,9.66,Excelente
517,A00517,Laura,Martínez,19,F,Derecho,4,7.82,regular
518,A00518,Luis,Ramírez,27,M,Ingeniería,4,7.77,regular
519,A00519,María,Hernández,22,F,Derecho,1,9.15,Excelente
520,A00520,José,Ramírez,24,F,Arquitectura,6,7.0,regular
521,A00521,Ana,Pérez,25,F,Derecho,1,8.73,regular
522,A00522,Ana,Martínez,19,M,Psicología,7,6.95,regular
523,A00523,Ana,López,20,F,Economía,9,7.22,regular
524,A00524,Miguel,López,28,F,Medicina,7,8.34,regular
525,A00525,Miguel,Torres,26,F,Psicología,1,8.87,regular
526,A00526,María,Hernández,25,M,Medicina,9,6.69,regular
527,A00527,Carlos,López,28,M,Economía,4,6.92,regular
528,A00528,Ana,García,26,F,Medicina,1,6.94,regular
529,A00529,Laura,Torres,27,F,Derecho,7,6.45,regular
530,A00530,Miguel,Hernández,25,F,Economía,8,7.42,regular
531,A00531,Laura,García,19,M,Derecho,2,8.11,regular
532,A00532,Sofía,García,25,M,Arquitectura,7,6.59,regular
533,A00533,Laura,Torres,27,F,Derecho,1,8.18,regular
534,A00534,José,Ramírez,29,F,Derecho,5,6.68,regular
535,A00535,María,Hernández,27,F,Psicología,6,9.01,Excelente
536,A00536,María,Pérez,27,M,Derecho,2,9.28,Excelente
537,A00537,María,Pérez,29,M,Psicología,6,9.86,Excelente
538,A00538,Laura,García,25,F,Derecho,3,6.25,regular
539,A00539,Ana,Pérez,26,M,Economía,6,7.75,regular
540,A00540,Miguel,Pérez,24,F,Arquitectura,8,7.79,regular
541,A00541,José,Torres,25,M,Medicina,1,8.69,regular
542,A00542,Laura,Ramírez,21,F,Derecho,5,6.67,regular
543,A00543,María,García,27,M,Derecho,2,6.08,regular
544,A00544,Carlos,Hernández,19,F,Psicología,6,7.66,regular
545,A00545,Miguel,González,29,M,Economía,9,6.46,regular
546,A00546,Sofía,Pérez,19,F,Ingeniería,3,6.25,regular
547,A00547,María,Pérez,21,F,Psicología,7,7.18,regular
548,A00548,Luis,Martínez,27,M,Ingeniería,3,9.67,Excelente
549,A00549,Miguel,Ramírez,21,M,Arquitectura,6,8.27,regular
550,A00550,José,González,24,M,Derecho,9,7.82,regular
551,A00551,José,Hernández,27,M,Arquitectura,6,8.05,regular
552,A00552,Luis,Hernández,26,M,Ingeniería,1,7.34,regular
553,A00553,Ana,Ramírez,28,F,Arquitectura,2,8.62,regular
554,A00554,José,Pérez,26,F,Medicina,1,6.4,regular
555,A00555,José,García,23,F,Economía,9,7.01,regular
556,A00556,Miguel,López,28,F,Arquitectura,4,9.04,Excelente
557,A00557,Carlos,López,26,M,Derecho,1,8.23,regular
558,A00558,Sofía,Ramírez,29,M,Medicina,5,7.79,regular
559,A00559,Miguel,Pérez,25,M,Medicina,3,7.39,regular
560,A00560,Ana,Martínez,23,M,Arquitectura,1,8.94,regular
561,A00561,Miguel,Torres,25,M,Derecho,7,7.15,regular
562,A00562,Luis,López,19,M,Economía,5,6.18,regular
563,A00563,José,Hernández,25,M,Medicina,8,9.32,Excelente
564,A00564,José,Pérez,21,M,Ingeniería,2,9.69,Excelente
565,A00565,Carlos,Pérez,28,F,Derecho,5,8.98,regular
566,A00566,Laura,Martínez,22,F,Economía,5,6.81,regular
567,A00567,José,Torres,20,M,Derecho,9,8.78,regular
568,A00568,Miguel,Martínez,24,F,Ingeniería,4,9.0,regular
569,A00569,Carlos,García,24,M,Economía,1,6.48,regular
570,A00570,Miguel,García,26,F,Arquitectura,1,7.06,regular
571,A00571,Laura,Torres,26,F,Arquitectura,3,7.25,regular
572,A00572,Miguel,Ramírez,23,F,Ingeniería,5,8.37,regular
573,A00573,Carlos,González,24,F,Derecho,7,8.41,regular
574,A00574,Laura,López,23,M,Derecho,9,8.97,regular
575,A00575,Ana,Hernández,22,F,Psicología,9,8.52,regular
576,A00576,Ana,González,23,F,Arquitectura,7,7.45,regular
577,A00577,Luis,Torres,18,M,Arquitectura,5,7.85,regular
578,A00578,Ana,López,22,F,Economía,2,8.83,regular
579,A00579,Carlos,García,22,F,Psicología,6,9.32,Excelente
580,A00580,Carlos,López,24,F,Medicina,5,8.8,regular
581,A00581,Ana,López,19,F,Psicología,4,7.8,regular
582,A00582,Carlos,Torres,22,M,Arquitectura,9,8.46,regular
583,A00583,Miguel,Hernández,29,F,Psicología,6,7.42,regular
584,A00584,Sofía,Hernández,29,F,Arquitectura,8,7.7,regular
585,A00585,María,Torres,18,F,Arquitectura,9,9.5,Excelente
586,A00586,Luis,González,21,M,Ingeniería,8,7.69,regular
587,A00587,Laura,Martínez,29,M,Ingeniería,4,9.3,Excelente
588,A00588,Luis,Pérez,22,F,Derecho,3,7.94,regular
589,A00589,María,López,28,M,Psicología,4,7.74,regular
590,A00590,Laura,Ramírez,18,F,Ingeniería,1,8.37,regular
591,A00591,María,López,25,F,Medicina,9,7.44,regular
592,A00592,Luis,Torres,23,F,Derecho,3,7.56,regular
593,A00593,Ana,Ramírez,20,M,Medicina,2,8.29,regular
594,A00594,Ana,Torres,25,F,Arquitectura,1,8.83,regular
595,A00595,Ana,Martínez,19,M,Ingeniería,1,8.99,regular
596,A00596,Sofía,Hernández,26,F,Ingeniería,5,9.72,Excelente
597,A00597,María,García,26,M,Derecho,2,7.92,regular
598,A00598,Carlos,Pérez,27,F,Psicología,5,8.53,regular
599,A00599,María,Martínez,24,F,Psicología,2,6.06,regular
600,A00600,Sofía,Hernández,25,F,Ingeniería,9,7.64,regular
601,A00601,María,Torres,25,F,Psicología,7,6.65,regular
602,A00602,Luis,Pérez,26,F,Ingeniería,8,8.15,regular
603,A00603,María,Pérez,29,F,Medicina,3,8.98,regular
604,A00604,Ana,Hernández,19,M,Derecho,8,7.95,regular
605,A00605,José,Hernández,20,F,Derecho,4,7.84,regular
606,A00606,José,García,19,M,Economía,3,8.04,regular
607,A00607,Sofía,Torres,27,F,Ingeniería,1,8.41,regular
608,A00608,Ana,López,22,M,Ingeniería,5,6.56,regular
609,A00609,María,García,24,M,Derecho,4,8.99,regular
610,A00610,José,Pérez,27,M,Economía,4,9.06,Excelente
611,A00611,Carlos,Torres,25,M,Arquitectura,8,8.26,regular
612,A00612,Carlos,Torres,19,M,Psicología,8,9.69,Excelente
613,A00613,Laura,García,26,F,Psicología,8,8.57,regular
614,A00614,Miguel,Hernández,18,M,Arquitectura,2,6.36,regular
615,A00615,Luis,Pérez,28,F,Psicología,8,6.12,regular
616,A00616,Luis,Ramírez,18,F,Arquitectura,4,9.92,Excelente
617,A00617,Luis,Martínez,19,M,Economía,5,8.99,regular
618,A00618,Sofía,López,26,F,Ingeniería,6,9.34,Excelente
619,A00619,María,Ramírez,22,F,Derecho,5,8.76,regular
620,A00620,Carlos,Hernández,18,F,Medicina,9,9.26,Excelente
621,A00621,Laura,Pérez,25,M,Arquitectura,4,7.59,regular
622,A00622,Sofía,Martínez,24,M,Psicología,3,8.46,regular
623,A00623,Luis,González,29,M,Medicina,9,9.43,Excelente
624,A00624,Carlos,Torres,20,F,Psicología,4,6.11,regular
625,A00625,Carlos,López,26,F,Economía,3,7.38,regular
626,A00626,José,Hernández,20,M,Medicina,7,7.65,regular
627,A00627,Carlos,Torres,21,M,Arquitectura,5,8.54,regular
628,A00628,María,Ramírez,21,F,Arquitectura,5,6.45,regular
629,A00629,Ana,Ramírez,20,M,Economía,2,6.57,regular
630,A00630,Miguel,Torres,20,F,Derecho,1,6.72,regular
631,A00631,María,Torres,28,M,Medicina,1,9.27,Excelente
632,A00632,María,López,24,M,Economía,3,9.56,Excelente
633,A00633,Carlos,Pérez,26,F,Psicología,7,7.17,regular
634,A00634,Laura,García,22,M,Medicina,6,7.54,regular
635,A00635,María,López,24,M,Derecho,7,6.36,regular
636,A00636,Laura,Pérez,18,M,Economía,3,9.49,Excelente
637,A00637,Ana,Hernández,25,M,Economía,8,6.2,regular
638,A00638,Miguel,Torres,29,M,Ingeniería,1,8.04,regular
639,A00639,José,López,19,F,Derecho,7,8.57,regular
640,A00640,Laura,González,27,M,Arquitectura,1,8.35,regular
641,A00641,Miguel,Torres,25,F,Derecho,1,6.73,regular
642,A00642,Carlos,López,19,M,Arquitectura,9,8.84,regular
643,A00643,Ana,Ramírez,22,F,Arquitectura,3,7.94,regular
644,A00644,María,Torres,24,M,Arquitectura,3,7.41,regular
645,A00645,Ana,López,21,F,Arquitectura,8,9.26,Excelente
646,A00646,José,Torres,27,F,Economía,3,6.23,regular
647,A00647,Ana,Martínez,19,M,Economía,1,8.95,regular
648,A00648,Miguel,Ramírez,24,F,Economía,8,8.44,regular
649,A00649,Sofía,Pérez,22,F,Medicina,9,9.65,Excelente
650,A00650,Carlos,Hernández,27,M,Economía,6,7.57,regular
651,A00651,José,Hernández,29,M,Psicología,3,6.98,regular
652,A00652,Luis,Ramírez,29,M,Psicología,4,7.4,regular
653,A00653,Carlos,Ramírez,26,M,Ingeniería,3,9.53,Excelente
654,A00654,María,Martínez,27,F,Ingeniería,3,9.45,Excelente
655,A00655,Luis,López,23,F,Arquitectura,4,9.73,Excelente
656,A00656,Carlos,Pérez,20,M,Psicología,5,9.93,Excelente
657,A00657,María,González,22,M,Medicina,6,6.17,regular
658,A00658,María,García,29,F,Ingeniería,3,9.33,Excelente
659,A00659,María,González,23,F,Psicología,2,8.71,regular
660,A00660,Luis,Pérez,24,F,Ingeniería,7,7.84,regular
661,A00661,Carlos,Hernández,28,F,Derecho,5,7.4,regular
662,A00662,Laura,Torres,27,F,Economía,2,6.6,regular
663,A00663,Carlos,Ramírez,19,M,Arquitectura,3,9.03,Excelente
664,A00664,Ana,González,27,F,Economía,2,8.4,regular
665,A00665,Carlos,Pérez,23,F,Arquitectura,7,8.24,regular
666,A00666,María,López,25,M,Medicina,5,7.48,regular
667,A00667,Carlos,González,20,M,Psicología,3,7.17,regular
668,A00668,Laura,Torres,26,F,Arquitectura,8,9.15,Excelente
669,A00669,Miguel,Martínez,29,F,Ingeniería,1,7.36,regular
670,A00670,Laura,Hernández,22,M,Medicina,7,7.61,regular
671,A00671,Ana,Ramírez,26,M,Arquitectura,9,7.09,regular
672,A00672,Miguel,Torres,27,F,Derecho,5,8.45,regular
673,A00673,Ana,García,18,M,Medicina,1,8.41,regular
674,A00674,Luis,Ramírez,26,M,Psicología,8,8.49,regular
675,A00675,Luis,Torres,25,M,Medicina,4,6.74,regular
676,A00676,Miguel,Hernández,21,F,Medicina,9,6.15,regular
677,A00677,María,Ramírez,27,F,Psicología,6,8.21,regular
678,A00678,Miguel,López,18,F,Ingeniería,8,8.42,regular
679,A00679,María,González,21,M,Economía,9,6.07,regular
680,A00680,Luis,González,25,M,Derecho,7,7.27,regular
681,A00681,Laura,Pérez,26,F,Arquitectura,9,9.85,Excelente
682,A00682,Ana,López,21,F,Arquitectura,2,6.61,regular
683,A00683,Carlos,Pérez,29,M,Arquitectura,7,6.33,regular
684,A00684,Sofía,García,21,F,Medicina,2,6.93,regular
685,A00685,Luis,Pérez,24,M,Economía,2,8.54,regular
686,A00686,Laura,López,22,F,Arquitectura,7,6.65,regular
687,A00687,Luis,Torres,29,M,Ingeniería,4,6.48,regular
688,A00688,José,García,20,F,Ingeniería,3,6.3,regular
689,A00689,Carlos,Pérez,29,F,Economía,7,6.04,regular
690,A00690,Miguel,García,22,M,Derecho,5,7.75,regular
691,A00691,Miguel,Hernández,29,F,Psicología,9,9.34,Excelente
692,A00692,Sofía,López,24,F,Medicina,2,9.45,Excelente
693,A00693,Ana,Torres,19,F,Derecho,3,9.11,Excelente
694,A00694,José,Hernández,23,F,Derecho,9,6.56,regular
695,A00695,Laura,Martínez,21,F,Psicología,6,6.34,regular
696,A00696,Laura,Pérez,29,M,Derecho,8,7.81,regular
697,A00697,Luis,Torres,28,F,Economía,6,9.31,Excelente
698,A00698,José,Pérez,29,F,Derecho,4,9.51,Excelente
699,A00699,Carlos,Ramírez,19,M,Arquitectura,1,8.59,regular
700,A00700,Luis,Ramírez,18,F,Psicología,9,6.05,regular
701,A00701,Luis,Ramírez,23,M,Derecho,7,7.12,regular
702,A00702,Miguel,Hernández,26,F,Derecho,6,9.49,Excelente
703,A00703,José,García,26,F,Economía,9,7.93,regular
704,A00704,Luis,Martínez,24,M,Ingeniería,1,7.5,regular
705,A00705,Ana,Torres,22,M,Ingeniería,1,9.96,Excelente
706,A00706,José,Ramírez,27,F,Psicología,7,7.25,regular
707,A00707,Carlos,González,23,M,Arquitectura,1,7.12,regular
708,A00708,María,González,19,F,Arquitectura,3,9.33,Excelente
709,A00709,Laura,Torres,20,M,Arquitectura,6,6.06,regular
710,A00710,Laura,Pérez,27,F,Ingeniería,5,8.4,regular
711,A00711,Ana,González,25,F,Derecho,9,7.85,regular
712,A00712,Sofía,García,22,M,Arquitectura,2,8.47,regular
713,A00713,Luis,Torres,20,F,Economía,7,6.3,regular
714,A00714,Carlos,Torres,19,F,Economía,4,6.16,regular
715,A00715,Miguel,González,25,F,Medicina,6,6.32,regular
716,A00716,María,Martínez,27,F,Ingeniería,6,6.15,regular
717,A00717,Luis,Pérez,27,F,Derecho,6,6.6,regular
718,A00718,José,Ramírez,19,M,Arquitectura,7,9.68,Excelente
719,A00719,José,González,25,F,Medicina,1,6.64,regular
720,A00720,Miguel,Ramírez,19,F,Derecho,7,8.49,regular
721,A00721,Luis,Ramírez,21,F,Ingeniería,6,8.14,regular
722,A00722,Luis,Ramírez,26,M,Derecho,5,6.79,regular
723,A00723,José,López,26,M,Psicología,1,6.98,regular
724,A00724,Sofía,Torres,20,F,Arquitectura,4,8.86,regular
725,A00725,Ana,Martínez,21,M,Arquitectura,9,7.83,regular
726,A00726,José,Torres,22,M,Derecho,6,7.4,regular
727,A00727,Luis,González,23,M,Economía,3,7.87,regular
728,A00728,Sofía,Hernández,21,M,Economía,5,7.91,regular
729,A00729,José,Pérez,24,F,Ingeniería,4,7.35,regular
730,A00730,Miguel,García,26,F,Psicología,5,6.43,regular
731,A00731,Laura,García,19,M,Economía,9,7.28,regular
732,A00732,Sofía,Martínez,24,F,Medicina,7,6.4,regular
733,A00733,María,Pérez,23,M,Ingeniería,3,9.37,Excelente
734,A00734,Luis,Torres,28,F,Psicología,8,6.75,regular
735,A00735,Ana,Pérez,23,F,Arquitectura,6,8.9,regular
736,A00736,Sofía,Torres,27,F,Medicina,9,6.84,regular
737,A00737,María,García,23,F,Medicina,9,9.15,Excelente
738,A00738,José,López,18,M,Economía,9,6.48,regular
739,A00739,Ana,González,27,M,Psicología,3,9.6,Excelente
740,A00740,Luis,López,25,F,Medicina,3,8.16,regular
741,A00741,Carlos,González,23,M,Medicina,8,7.85,regular
742,A00742,Carlos,López,23,M,Arquitectura,2,8.54,regular
743,A00743,María,González,19,M,Ingeniería,2,9.33,Excelente
744,A00744,Luis,Torres,18,M,Psicología,5,9.49,Excelente
745,A00745,José,Torres,22,M,Medicina,9,6.21,regular
746,A00746,Carlos,Ramírez,25,F,Economía,9,7.22,regular
747,A00747,Miguel,Martínez,24,F,Ingeniería,5,7.04,regular
748,A00748,Ana,Torres,26,M,Arquitectura,7,6.4,regular
749,A00749,Laura,Torres,26,M,Derecho,8,9.95,Excelente
750,A00750,Ana,Torres,26,F,Medicina,3,9.81,Excelente
751,A00751,Luis,Torres,24,M,Arquitectura,3,9.75,Excelente
752,A00752,Luis,Martínez,18,F,Arquitectura,9,9.61,Excelente
753,A00753,Ana,Torres,25,M,Economía,7,9.1,Excelente
754,A00754,Carlos,Pérez,20,M,Economía,4,9.54,Excelente
755,A00755,María,Hernández,23,F,Medicina,4,6.28,regular
756,A00756,Sofía,Martínez,20,M,Economía,7,7.78,regular
757,A00757,Luis,López,29,M,Derecho,5,8.65,regular
758,A00758,José,Ramírez,21,F,Arquitectura,9,6.52,regular
759,A00759,María,González,20,F,Medicina,5,8.92,regular
760,A00760,Miguel,Ramírez,26,M,Arquitectura,5,9.04,Excelente
761,A00761,Luis,Ramírez,25,M,Psicología,9,6.48,regular
762,A00762,Luis,Ramírez,23,M,Arquitectura,5,8.94,regular
763,A00763,María,Torres,18,M,Economía,7,6.18,regular
764,A00764,María,Ramírez,18,F,Arquitectura,9,9.25,Excelente
765,A00765,Carlos,Pérez,18,M,Psicología,2,8.33,regular
766,A00766,José,Hernández,20,F,Arquitectura,6,9.56,Excelente
767,A00767,Carlos,Torres,25,M,Derecho,7,7.82,regular
768,A00768,José,Ramírez,21,M,Psicología,3,6.04,regular
769,A00769,José,Ramírez,26,M,Ingeniería,2,6.66,regular
770,A00770,José,Ramírez,18,F,Medicina,4,9.01,Excelente
771,A00771,Sofía,Hernández,23,F,Economía,9,8.38,regular
772,A00772,Laura,García,27,F,Ingeniería,6,8.58,regular
773,A00773,Sofía,Pérez,24,F,Arquitectura,9,8.56,regular
774,A00774,Sofía,González,27,M,Arquitectura,3,9.19,Excelente
775,A00775,Carlos,Torres,19,F,Economía,6,8.76,regular
776,A00776,Miguel,López,24,M,Ingeniería,6,8.11,regular
777,A00777,Carlos,Pérez,23,M,Arquitectura,1,9.4,Excelente
778,A00778,Carlos,García,22,F,Economía,4,9.38,Excelente
779,A00779,José,López,26,F,Arquitectura,3,6.22,regular
780,A00780,Luis,Martínez,22,F,Psicología,4,6.16,regular
781,A00781,Carlos,Torres,21,F,Economía,1,8.16,regular
782,A00782,Miguel,Hernández,28,M,Arquitectura,3,9.07,Excelente
783,A00783,Ana,González,23,M,Economía,6,7.82,regular
784,A00784,Luis,Ramírez,22,F,Derecho,1,7.35,regular
785,A00785,Carlos,López,19,F,Derecho,9,7.64,regular
786,A00786,José,López,19,F,Psicología,3,7.61,regular
787,A00787,Luis,Ramírez,25,M,Arquitectura,5,9.62,Excelente
788,A00788,Luis,Torres,18,F,Ingeniería,7,9.18,Excelente
789,A00789,María,López,23,F,Psicología,7,7.97,regular
790,A00790,Sofía,González,23,M,Arquitectura,1,7.71,regular
791,A00791,Miguel,Torres,24,M,Derecho,6,7.35,regular
792,A00792,José,Ramírez,27,F,Medicina,1,7.09,regular
793,A00793,Laura,González,20,M,Medicina,4,6.81,regular
794,A00794,Laura,Ramírez,28,F,Arquitectura,1,7.95,regular
795,A00795,María,Torres,18,M,Psicología,8,8.32,regular
796,A00796,Sofía,Ramírez,20,M,Economía,1,6.08,regular
797,A00797,María,Ramírez,25,M,Ingeniería,8,9.9,Excelente
798,A00798,Carlos,Martínez,29,F,Arquitectura,8,9.8,Excelente
799,A00799,María,García,27,F,Medicina,6,8.19,regular
800,A00800,Carlos,García,19,M,Psicología,9,9.82,Excelente
801,A00801,José,Martínez,20,F,Medicina,5,6.86,regular
802,A00802,Laura,Hernández,24,M,Medicina,2,9.59,Excelente
803,A00803,Ana,Torres,20,M,Arquitectura,8,9.05,Excelente
804,A00804,Laura,Ramírez,24,M,Arquitectura,5,7.46,regular
805,A00805,Sofía,Hernández,18,M,Arquitectura,2,8.16,regular
806,A00806,Sofía,López,26,M,Economía,7,6.38,regular
807,A00807,María,López,25,F,Psicología,6,7.58,regular
808,A00808,María,Martínez,19,M,Ingeniería,3,9.19,Excelente
809,A00809,María,Torres,28,F,Medicina,5,8.58,regular
810,A00810,Luis,Ramírez,28,F,Derecho,7,8.71,regular
811,A00811,Carlos,García,19,M,Arquitectura,9,9.82,Excelente
812,A00812,José,García,20,M,Ingeniería,3,7.79,regular
813,A00813,María,Pérez,26,F,Psicología,9,9.46,Excelente
814,A00814,Ana,Hernández,18,M,Economía,6,8.36,regular
815,A00815,Carlos,Hernández,21,F,Psicología,1,8.35,regular
816,A00816,José,Martínez,25,F,Medicina,7,8.93,regular
817,A00817,Laura,Ramírez,26,F,Ingeniería,6,6.86,regular
818,A00818,Miguel,Martínez,23,M,Arquitectura,9,7.01,regular
819,A00819,José,Ramírez,26,F,Medicina,2,9.94,Excelente
820,A00820,Laura,Hernández,26,F,Medicina,6,8.77,regular
821,A00821,María,López,22,F,Economía,1,8.32,regular
822,A00822,Ana,Ramírez,25,F,Medicina,4,9.87,Excelente
823,A00823,Sofía,Torres,26,F,Psicología,7,8.03,regular
824,A00824,Sofía,López,20,M,Medicina,7,9.73,Excelente
825,A00825,Carlos,Torres,18,M,Psicología,4,6.75,regular
826,A00826,Laura,Pérez,26,F,Psicología,2,8.77,regular
827,A00827,Luis,López,21,M,Derecho,9,9.35,Excelente
828,A00828,Miguel,Hernández,20,F,Economía,7,8.2,regular
829,A00829,Ana,Ramírez,19,F,Arquitectura,9,8.83,regular
830,A00830,José,Ramírez,23,F,Arquitectura,9,7.99,regular
831,A00831,Sofía,Hernández,24,M,Derecho,5,9.33,Excelente
832,A00832,Luis,López,29,M,Economía,2,6.61,regular
833,A00833,Sofía,Hernández,25,M,Ingeniería,9,6.67,regular
834,A00834,Miguel,Ramírez,20,M,Ingeniería,8,9.69,Excelente
835,A00835,Luis,González,24,F,Derecho,8,9.99,Excelente
836,A00836,José,González,27,F,Psicología,5,7.22,regular
837,A00837,Miguel,Torres,25,M,Medicina,7,8.96,regular
838,A00838,Luis,Hernández,25,M,Medicina,1,9.93,Excelente
839,A00839,Carlos,Martínez,25,F,Psicología,7,7.18,regular
840,A00840,Luis,Martínez,28,F,Ingeniería,1,7.81,regular
841,A00841,Luis,Ramírez,20,F,Economía,6,8.8,regular
842,A00842,Sofía,López,18,M,Psicología,3,9.28,Excelente
843,A00843,Luis,García,22,M,Psicología,1,6.17,regular
844,A00844,Laura,Hernández,25,F,Economía,9,6.79,regular
845,A00845,Laura,Ramírez,18,F,Medicina,1,7.44,regular
846,A00846,Laura,Ramírez,21,M,Arquitectura,8,7.88,regular
847,A00847,Ana,Pérez,29,F,Psicología,8,7.68,regular
848,A00848,Sofía,Pérez,18,M,Arquitectura,4,8.61,regular
849,A00849,Miguel,García,18,M,Ingeniería,2,6.75,regular
850,A00850,Miguel,Torres,22,F,Medicina,4,6.0,regular
851,A00851,Luis,Martínez,18,F,Medicina,1,7.68,regular
852,A00852,Carlos,Torres,22,M,Economía,8,7.05,regular
853,A00853,Sofía,Pérez,23,M,Derecho,6,9.71,Excelente
854,A00854,Carlos,Martínez,28,M,Economía,5,9.34,Excelente
855,A00855,Carlos,Torres,29,M,Ingeniería,8,7.67,regular
856,A00856,Carlos,Hernández,25,F,Psicología,2,9.74,Excelente
857,A00857,Ana,López,24,M,Psicología,7,9.2,Excelente
858,A00858,Miguel,Martínez,28,F,Derecho,8,9.69,Excelente
859,A00859,José,González,26,M,Psicología,2,9.46,Excelente
860,A00860,Luis,Martínez,23,F,Medicina,8,7.2,regular
861,A00861,Ana,García,28,M,Ingeniería,2,7.67,regular
862,A00862,José,Pérez,25,F,Ingeniería,3,9.8,Excelente
863,A00863,Luis,Pérez,20,M,Ingeniería,8,8.6,regular
864,A00864,Luis,Martínez,28,F,Arquitectura,8,9.7,Excelente
865,A00865,Luis,Torres,26,F,Arquitectura,8,7.49,regular
866,A00866,Laura,García,19,F,Psicología,6,9.78,Excelente
867,A00867,Laura,García,28,M,Economía,5,8.06,regular
868,A00868,Carlos,Ramírez,28,M,Derecho,1,7.74,regular
869,A00869,Laura,Ramírez,23,F,Ingeniería,4,8.17,regular
870,A00870,Laura,González,18,F,Psicología,4,9.21,Excelente
871,A00871,Carlos,Torres,28,F,Derecho,9,7.14,regular
872,A00872,Sofía,García,21,M,Medicina,7,7.91,regular
873,A00873,Luis,Hernández,23,F,Derecho,9,9.8,Excelente
874,A00874,Ana,Hernández,24,F,Arquitectura,5,7.68,regular
875,A00875,Carlos,Torres,26,M,Medicina,2,7.87,regular
876,A00876,Laura,Torres,25,M,Economía,6,9.46,Excelente
877,A00877,Luis,Hernández,19,F,Ingeniería,3,9.0,regular
878,A00878,Sofía,Ramírez,23,F,Medicina,2,6.97,regular
879,A00879,José,Ramírez,27,F,Psicología,7,6.63,regular
880,A00880,Carlos,Hernández,24,M,Psicología,8,6.82,regular
881,A00881,José,Pérez,24,M,Arquitectura,5,6.21,regular
882,A00882,Carlos,González,28,F,Ingeniería,4,6.05,regular
883,A00883,Ana,López,21,M,Derecho,2,8.05,regular
884,A00884,Laura,Pérez,18,F,Ingeniería,6,7.73,regular
885,A00885,Luis,Hernández,28,M,Arquitectura,1,9.19,Excelente
886,A00886,Carlos,Torres,18,M,Derecho,9,8.9,regular
887,A00887,José,Ramírez,29,M,Psicología,9,7.51,regular
888,A00888,Laura,López,21,F,Derecho,5,6.62,regular
889,A00889,Luis,Hernández,27,F,Medicina,9,9.58,Excelente
890,A00890,Carlos,García,29,F,Arquitectura,2,7.74,regular
891,A00891,Sofía,Torres,25,F,Medicina,2,6.01,regular
892,A00892,María,Martínez,20,M,Psicología,7,7.92,regular
893,A00893,Sofía,Torres,22,M,Derecho,3,7.73,regular
894,A00894,Ana,Pérez,24,F,Ingeniería,5,6.4,regular
895,A00895,Laura,Torres,28,F,Economía,9,7.94,regular
896,A00896,María,García,25,M,Arquitectura,9,7.4,regular
897,A00897,Laura,Ramírez,23,M,Derecho,1,6.95,regular
898,A00898,Sofía,Hernández,22,M,Psicología,3,6.53,regular
899,A00899,María,Ramírez,25,M,Derecho,8,6.02,regular
900,A00900,José,Ramírez,21,F,Arquitectura,3,9.28,Excelente
901,A00901,Luis,Pérez,19,F,Economía,9,8.25,regular
902,A00902,Luis,Hernández,25,M,Arquitectura,4,7.46,regular
903,A00903,José,Pérez,24,F,Medicina,3,8.37,regular
904,A00904,Luis,Torres,25,F,Ingeniería,3,6.94,regular
905,A00905,Carlos,Ramírez,24,M,Derecho,9,7.74,regular
906,A00906,Luis,Pérez,22,M,Derecho,9,7.91,regular
907,A00907,Carlos,López,25,F,Ingeniería,5,8.02,regular
908,A00908,José,Martínez,18,M,Economía,2,8.04,regular
909,A00909,José,Hernández,25,F,Psicología,8,7.42,regular
910,A00910,Luis,Martínez,20,M,Arquitectura,8,7.72,regular
911,A00911,José,Martínez,22,M,Derecho,3,7.22,regular
912,A00912,Carlos,Hernández,18,M,Psicología,8,9.46,Excelente
913,A00913,Miguel,García,20,M,Arquitectura,9,8.09,regular
914,A00914,Luis,López,19,M,Medicina,5,7.88,regular
915,A00915,José,González,29,M,Arquitectura,8,9.32,Excelente
916,A00916,Miguel,Pérez,26,F,Derecho,1,9.5,Excelente
917,A00917,Ana,Hernández,23,F,Medicina,8,8.94,regular
918,A00918,Carlos,Hernández,26,F,Ingeniería,7,8.25,regular
919,A00919,José,Torres,20,F,Psicología,2,7.62,regular
920,A00920,José,Pérez,29,M,Derecho,4,9.92,Excelente
921,A00921,Sofía,García,24,M,Ingeniería,6,8.33,regular
922,A00922,Luis,García,27,M,Arquitectura,6,6.05,regular
923,A00923,Carlos,García,25,M,Derecho,9,6.59,regular
924,A00924,María,Martínez,25,M,Arquitectura,8,7.82,regular
925,A00925,María,Ramírez,28,F,Derecho,9,6.12,regular
926,A00926,Miguel,López,26,M,Psicología,2,9.96,Excelente
927,A00927,Laura,Ramírez,24,F,Derecho,7,9.03,Excelente
928,A00928,María,Hernández,28,F,Arquitectura,6,7.69,regular
929,A00929,Sofía,González,24,F,Medicina,1,9.98,Excelente
930,A00930,Luis,González,19,M,Arquitectura,2,7.36,regular
931,A00931,María,Hernández,24,M,Derecho,4,8.68,regular
932,A00932,Sofía,García,28,M,Medicina,6,7.23,regular
933,A00933,Sofía,Pérez,27,F,Economía,8,9.13,Excelente
934,A00934,Luis,García,20,M,Medicina,8,7.34,regular
935,A00935,María,Ramírez,18,M,Psicología,3,9.58,Excelente
936,A00936,María,Hernández,27,F,Ingeniería,3,6.37,regular
937,A00937,Miguel,López,23,F,Ingeniería,7,9.07,Excelente
938,A00938,José,Ramírez,26,M,Economía,6,6.7,regular
939,A00939,José,Torres,20,F,Medicina,8,7.43,regular
940,A00940,María,González,29,M,Arquitectura,3,9.91,Excelente
941,A00941,Carlos,Pérez,20,M,Psicología,3,8.43,regular
942,A00942,José,López,29,M,Medicina,3,6.17,regular
943,A00943,Carlos,Ramírez,24,M,Ingeniería,4,7.51,regular
944,A00944,Laura,López,29,F,Ingeniería,3,9.8,Excelente
945,A00945,Laura,Pérez,22,F,Ingeniería,6,7.69,regular
946,A00946,Carlos,Ramírez,23,F,Economía,8,8.86,regular
947,A00947,Luis,Torres,28,M,Derecho,7,8.87,regular
948,A00948,Miguel,Martínez,29,F,Derecho,6,8.97,regular
949,A00949,Laura,Hernández,23,M,Economía,1,6.68,regular
950,A00950,Ana,Torres,25,F,Medicina,4,6.13,regular
951,A00951,Luis,González,29,F,Ingeniería,9,6.66,regular
952,A00952,José,López,19,M,Ingeniería,5,7.43,regular
953,A00953,Laura,Ramírez,25,F,Arquitectura,1,8.26,regular
954,A00954,José,Ramírez,18,M,Economía,1,7.13,regular
955,A00955,Miguel,Ramírez,20,F,Medicina,6,9.32,Excelente
956,A00956,José,Torres,20,F,Psicología,7,8.23,regular
957,A00957,Laura,Pérez,20,M,Ingeniería,9,7.25,regular
958,A00958,Miguel,Pérez,25,F,Psicología,2,7.65,regular
959,A00959,Sofía,López,29,M,Psicología,6,9.96,Excelente
960,A00960,José,González,23,F,Ingeniería,1,7.01,regular
961,A00961,José,Pérez,25,M,Economía,9,7.6,regular
962,A00962,Carlos,González,29,M,Economía,5,7.27,regular
963,A00963,Carlos,Hernández,23,M,Psicología,1,8.87,regular
964,A00964,Laura,Torres,18,F,Arquitectura,2,9.48,Excelente
965,A00965,Sofía,Torres,22,M,Arquitectura,3,9.23,Excelente
966,A00966,Carlos,Pérez,21,M,Ingeniería,5,7.44,regular
967,A00967,José,Torres,22,F,Arquitectura,6,8.3,regular
968,A00968,Miguel,Ramírez,22,M,Arquitectura,5,6.84,regular
969,A00969,Luis,Pérez,25,M,Ingeniería,6,8.73,regular
970,A00970,Luis,Ramírez,27,F,Derecho,2,6.41,regular
971,A00971,Miguel,Martínez,19,F,Psicología,8,7.42,regular
972,A00972,José,Martínez,25,F,Economía,4,6.12,regular
973,A00973,Luis,Hernández,29,M,Ingeniería,3,6.16,regular
974,A00974,Luis,González,25,M,Arquitectura,2,6.62,regular
975,A00975,Ana,García,20,F,Derecho,8,7.22,regular
976,A00976,Laura,López,25,F,Ingeniería,4,6.78,regular
977,A00977,Ana,López,25,F,Medicina,2,7.23,regular
978,A00978,Sofía,López,28,M,Medicina,7,8.4,regular
979,A00979,Luis,Pérez,21,F,Psicología,8,9.89,Excelente
980,A00980,Carlos,Martínez,18,F,Medicina,8,8.69,regular
981,A00981,Laura,Torres,21,M,Ingeniería,1,9.4,Excelente
982,A00982,José,Ramírez,21,F,Economía,2,7.65,regular
983,A00983,Miguel,García,22,M,Derecho,5,9.13,Excelente
984,A00984,Carlos,López,26,M,Medicina,4,6.92,regular
985,A00985,Luis,Pérez,26,F,Medicina,1,7.36,regular
986,A00986,Miguel,Hernández,18,F,Medicina,2,6.89,regular
987,A00987,Miguel,García,22,M,Psicología,3,9.8,Excelente
988,A00988,Carlos,García,22,M,Ingeniería,9,6.2,regular
989,A00989,Laura,García,27,F,Economía,7,7.85,regular
990,A00990,Luis,López,20,M,Psicología,3,6.08,regular
991,A00991,Miguel,López,28,M,Derecho,5,8.72,regular
992,A00992,Laura,Hernández,24,M,Psicología,4,7.53,regular
993,A00993,Sofía,López,18,M,Arquitectura,2,6.97,regular
994,A00994,Carlos,Hernández,23,F,Derecho,1,6.63,regular
995,A00995,Miguel,Torres,19,F,Medicina,6,7.5,regular
996,A00996,Sofía,Pérez,25,F,Arquitectura,8,6.84,regular
997,A00997,Carlos,González,22,M,Arquitectura,1,6.47,regular
998,A00998,Luis,López,23,M,Medicina,5,7.9,regular
999,A00999,José,López,18,M,Arquitectura,2,8.44,regular
